[{"model": "admin.logentry", "pk": 1, "fields": {"action_time": "2020-10-13T15:50:00.426Z", "user": 1, "content_type": 7, "object_id": "1", "object_repr": "IjatAyam", "action_flag": 1, "change_message": "[{\"added\": {}}]"}}, {"model": "admin.logentry", "pk": 2, "fields": {"action_time": "2020-10-13T15:51:17.957Z", "user": 1, "content_type": 7, "object_id": "5", "object_repr": "JMGHQ", "action_flag": 1, "change_message": "[{\"added\": {}}]"}}, {"model": "admin.logentry", "pk": 3, "fields": {"action_time": "2020-10-13T15:51:24.807Z", "user": 1, "content_type": 7, "object_id": "3", "object_repr": "JMGState", "action_flag": 1, "change_message": "[{\"added\": {}}]"}}, {"model": "admin.logentry", "pk": 4, "fields": {"action_time": "2020-10-13T15:51:35.246Z", "user": 1, "content_type": 7, "object_id": "4", "object_repr": "JMGStateAdmin", "action_flag": 1, "change_message": "[{\"added\": {}}]"}}, {"model": "admin.logentry", "pk": 5, "fields": {"action_time": "2020-10-13T15:51:41.039Z", "user": 1, "content_type": 7, "object_id": "6", "object_repr": "SuperAdmin", "action_flag": 1, "change_message": "[{\"added\": {}}]"}}, {"model": "admin.logentry", "pk": 6, "fields": {"action_time": "2020-10-13T15:51:46.834Z", "user": 1, "content_type": 7, "object_id": "2", "object_repr": "TestUser", "action_flag": 1, "change_message": "[{\"added\": {}}]"}}, {"model": "admin.logentry", "pk": 7, "fields": {"action_time": "2020-10-13T15:51:53.579Z", "user": 1, "content_type": 7, "object_id": "7", "object_repr": "industri", "action_flag": 1, "change_message": "[{\"added\": {}}]"}}, {"model": "admin.logentry", "pk": 8, "fields": {"action_time": "2020-10-13T15:57:56.467Z", "user": 1, "content_type": 6, "object_id": "2", "object_repr": "TestUser", "action_flag": 2, "change_message": "[{\"changed\": {\"fields\": [\"Active\"]}}]"}}, {"model": "admin.logentry", "pk": 9, "fields": {"action_time": "2020-10-13T16:30:49.324Z", "user": 1, "content_type": 7, "object_id": "5", "object_repr": "JMGHQ", "action_flag": 2, "change_message": "[{\"changed\": {\"fields\": [\"State\"]}}]"}}, {"model": "admin.logentry", "pk": 10, "fields": {"action_time": "2020-10-14T15:15:21.651Z", "user": 12, "content_type": 40, "object_id": "3", "object_repr": "megasoft", "action_flag": 2, "change_message": "[{\"changed\": {\"fields\": [\"Negeri\"]}}]"}}, {"model": "admin.logentry", "pk": 11, "fields": {"action_time": "2020-10-14T15:15:36.274Z", "user": 12, "content_type": 40, "object_id": "4", "object_repr": "megasoft network", "action_flag": 2, "change_message": "[{\"changed\": {\"fields\": [\"Negeri\"]}}]"}}, {"model": "admin.logentry", "pk": 12, "fields": {"action_time": "2020-10-18T16:50:28.893Z", "user": 1, "content_type": 8, "object_id": "1", "object_repr": "zoom, manir, besut, Kedah", "action_flag": 2, "change_message": "[{\"changed\": {\"fields\": [\"Jenis batuan utama\", \"Jenis batuan sampingan\"]}}]"}}, {"model": "admin.logentry", "pk": 13, "fields": {"action_time": "2020-10-18T16:57:16.176Z", "user": 1, "content_type": 24, "object_id": "2", "object_repr": "industri (zoom, manir, besut, Kedah) - 3 (2)", "action_flag": 2, "change_message": "[{\"changed\": {\"fields\": [\"State inspector\", \"State approved\", \"Admin inspector\", \"Admin approved\"]}}]"}}, {"model": "admin.logentry", "pk": 14, "fields": {"action_time": "2020-10-19T15:27:12.849Z", "user": 12, "content_type": 40, "object_id": "6", "object_repr": "mega sdn bhd", "action_flag": 2, "change_message": "[{\"changed\": {\"fields\": [\"Negeri\"]}}]"}}, {"model": "admin.logentry", "pk": 15, "fields": {"action_time": "2020-10-19T15:27:48.336Z", "user": 12, "content_type": 40, "object_id": "2", "object_repr": "sfsdaf sdn bh", "action_flag": 2, "change_message": "[{\"changed\": {\"fields\": [\"Negeri\"]}}]"}}, {"model": "admin.logentry", "pk": 16, "fields": {"action_time": "2020-10-19T15:29:54.788Z", "user": 12, "content_type": 40, "object_id": "6", "object_repr": "mega sdn bhd", "action_flag": 2, "change_message": "[{\"changed\": {\"fields\": [\"Negeri\"]}}]"}}, {"model": "admin.logentry", "pk": 17, "fields": {"action_time": "2020-10-19T15:30:00.490Z", "user": 12, "content_type": 40, "object_id": "5", "object_repr": "megasoft", "action_flag": 2, "change_message": "[{\"changed\": {\"fields\": [\"Negeri\"]}}]"}}, {"model": "admin.logentry", "pk": 18, "fields": {"action_time": "2020-10-19T15:30:05.683Z", "user": 12, "content_type": 40, "object_id": "4", "object_repr": "megasoft network", "action_flag": 2, "change_message": "[]"}}, {"model": "admin.logentry", "pk": 19, "fields": {"action_time": "2020-10-19T15:30:20.217Z", "user": 12, "content_type": 40, "object_id": "5", "object_repr": "megasoft hai", "action_flag": 2, "change_message": "[{\"changed\": {\"fields\": [\"Nama syarikat\"]}}]"}}, {"model": "admin.logentry", "pk": 20, "fields": {"action_time": "2020-10-19T15:51:04.821Z", "user": 12, "content_type": 24, "object_id": "10", "object_repr": "industri (zoom, manir, besut, Kedah) - 11 (10)", "action_flag": 2, "change_message": "[{\"changed\": {\"fields\": [\"State inspector\", \"State approved\", \"Admin inspector\", \"Admin approved\"]}}]"}}, {"model": "admin.logentry", "pk": 21, "fields": {"action_time": "2020-10-19T15:51:24.009Z", "user": 12, "content_type": 24, "object_id": "11", "object_repr": "industri (zoom, manir, besut, Kedah) - 2 (11)", "action_flag": 2, "change_message": "[{\"changed\": {\"fields\": [\"State inspector\", \"State approved\", \"Admin inspector\", \"Admin approved\"]}}]"}}, {"model": "admin.logentry", "pk": 22, "fields": {"action_time": "2020-10-19T15:51:55.366Z", "user": 12, "content_type": 24, "object_id": "9", "object_repr": "industri (setiawangsa, setiawangsa 1, setiawangsa, Kedah) - 10 (9)", "action_flag": 2, "change_message": "[{\"changed\": {\"fields\": [\"State inspector\", \"State approved\", \"Admin inspector\", \"Admin approved\"]}}]"}}, {"model": "admin.logentry", "pk": 23, "fields": {"action_time": "2020-10-19T15:52:07.814Z", "user": 12, "content_type": 24, "object_id": "8", "object_repr": "industri (wangsamaju, wangsamaju 1, wangsamaju, Kedah) - 9 (8)", "action_flag": 2, "change_message": "[{\"changed\": {\"fields\": [\"State inspector\", \"State approved\", \"Admin inspector\", \"Admin approved\"]}}]"}}, {"model": "admin.logentry", "pk": 24, "fields": {"action_time": "2020-10-19T15:52:25.558Z", "user": 12, "content_type": 24, "object_id": "7", "object_repr": "industri (setiawangsa, setiawangsa 1, setiawangsa, Kedah) - 8 (7)", "action_flag": 2, "change_message": "[{\"changed\": {\"fields\": [\"State inspector\", \"State approved\", \"Admin inspector\", \"Admin approved\"]}}]"}}, {"model": "admin.logentry", "pk": 25, "fields": {"action_time": "2020-10-19T15:52:45.323Z", "user": 12, "content_type": 24, "object_id": "6", "object_repr": "industri (setiawangsa, setiawangsa 1, setiawangsa, Kedah) - 7 (6)", "action_flag": 2, "change_message": "[{\"changed\": {\"fields\": [\"State inspector\", \"State approved\", \"Admin inspector\", \"Admin approved\"]}}]"}}, {"model": "admin.logentry", "pk": 26, "fields": {"action_time": "2020-10-19T15:52:56.671Z", "user": 12, "content_type": 24, "object_id": "5", "object_repr": "industri (setiawangsa, setiawangsa 1, setiawangsa, Kedah) - 6 (5)", "action_flag": 2, "change_message": "[{\"changed\": {\"fields\": [\"State inspector\", \"State approved\", \"Admin inspector\", \"Admin approved\"]}}]"}}, {"model": "admin.logentry", "pk": 27, "fields": {"action_time": "2020-10-19T15:53:17.749Z", "user": 12, "content_type": 24, "object_id": "4", "object_repr": "industri (zoom, manir, besut, Kedah) - 5 (4)", "action_flag": 2, "change_message": "[{\"changed\": {\"fields\": [\"State inspector\", \"State approved\", \"Admin inspector\", \"Admin approved\"]}}]"}}, {"model": "admin.logentry", "pk": 28, "fields": {"action_time": "2020-10-19T15:53:28.837Z", "user": 12, "content_type": 24, "object_id": "3", "object_repr": "industri (wangsamaju, wangsamaju 1, wangsamaju, Kedah) - 4 (3)", "action_flag": 2, "change_message": "[{\"changed\": {\"fields\": [\"State inspector\", \"State approved\", \"Admin inspector\", \"Admin approved\"]}}]"}}, {"model": "admin.logentry", "pk": 29, "fields": {"action_time": "2020-10-19T15:53:41.642Z", "user": 12, "content_type": 24, "object_id": "1", "object_repr": "industri (zoom, manir, besut, Kedah) - 1 (1)", "action_flag": 2, "change_message": "[]"}}, {"model": "auth.permission", "pk": 1, "fields": {"name": "Can add log entry", "content_type": 1, "codename": "add_logentry"}}, {"model": "auth.permission", "pk": 2, "fields": {"name": "Can change log entry", "content_type": 1, "codename": "change_logentry"}}, {"model": "auth.permission", "pk": 3, "fields": {"name": "Can delete log entry", "content_type": 1, "codename": "delete_logentry"}}, {"model": "auth.permission", "pk": 4, "fields": {"name": "Can view log entry", "content_type": 1, "codename": "view_logentry"}}, {"model": "auth.permission", "pk": 5, "fields": {"name": "Can add permission", "content_type": 2, "codename": "add_permission"}}, {"model": "auth.permission", "pk": 6, "fields": {"name": "Can change permission", "content_type": 2, "codename": "change_permission"}}, {"model": "auth.permission", "pk": 7, "fields": {"name": "Can delete permission", "content_type": 2, "codename": "delete_permission"}}, {"model": "auth.permission", "pk": 8, "fields": {"name": "Can view permission", "content_type": 2, "codename": "view_permission"}}, {"model": "auth.permission", "pk": 9, "fields": {"name": "Can add group", "content_type": 3, "codename": "add_group"}}, {"model": "auth.permission", "pk": 10, "fields": {"name": "Can change group", "content_type": 3, "codename": "change_group"}}, {"model": "auth.permission", "pk": 11, "fields": {"name": "Can delete group", "content_type": 3, "codename": "delete_group"}}, {"model": "auth.permission", "pk": 12, "fields": {"name": "Can view group", "content_type": 3, "codename": "view_group"}}, {"model": "auth.permission", "pk": 13, "fields": {"name": "Can add content type", "content_type": 4, "codename": "add_contenttype"}}, {"model": "auth.permission", "pk": 14, "fields": {"name": "Can change content type", "content_type": 4, "codename": "change_contenttype"}}, {"model": "auth.permission", "pk": 15, "fields": {"name": "Can delete content type", "content_type": 4, "codename": "delete_contenttype"}}, {"model": "auth.permission", "pk": 16, "fields": {"name": "Can view content type", "content_type": 4, "codename": "view_contenttype"}}, {"model": "auth.permission", "pk": 17, "fields": {"name": "Can add session", "content_type": 5, "codename": "add_session"}}, {"model": "auth.permission", "pk": 18, "fields": {"name": "Can change session", "content_type": 5, "codename": "change_session"}}, {"model": "auth.permission", "pk": 19, "fields": {"name": "Can delete session", "content_type": 5, "codename": "delete_session"}}, {"model": "auth.permission", "pk": 20, "fields": {"name": "Can view session", "content_type": 5, "codename": "view_session"}}, {"model": "auth.permission", "pk": 21, "fields": {"name": "Can add user", "content_type": 6, "codename": "add_user"}}, {"model": "auth.permission", "pk": 22, "fields": {"name": "Can change user", "content_type": 6, "codename": "change_user"}}, {"model": "auth.permission", "pk": 23, "fields": {"name": "Can delete user", "content_type": 6, "codename": "delete_user"}}, {"model": "auth.permission", "pk": 24, "fields": {"name": "Can view user", "content_type": 6, "codename": "view_user"}}, {"model": "auth.permission", "pk": 25, "fields": {"name": "Can add profile", "content_type": 7, "codename": "add_profile"}}, {"model": "auth.permission", "pk": 26, "fields": {"name": "Can change profile", "content_type": 7, "codename": "change_profile"}}, {"model": "auth.permission", "pk": 27, "fields": {"name": "Can delete profile", "content_type": 7, "codename": "delete_profile"}}, {"model": "auth.permission", "pk": 28, "fields": {"name": "Can view profile", "content_type": 7, "codename": "view_profile"}}, {"model": "auth.permission", "pk": 29, "fields": {"name": "Can add kuari", "content_type": 8, "codename": "add_quarry"}}, {"model": "auth.permission", "pk": 30, "fields": {"name": "Can change kuari", "content_type": 8, "codename": "change_quarry"}}, {"model": "auth.permission", "pk": 31, "fields": {"name": "Can delete kuari", "content_type": 8, "codename": "delete_quarry"}}, {"model": "auth.permission", "pk": 32, "fields": {"name": "Can view kuari", "content_type": 8, "codename": "view_quarry"}}, {"model": "auth.permission", "pk": 33, "fields": {"name": "Can add pengusaha kuari", "content_type": 9, "codename": "add_quarryminer"}}, {"model": "auth.permission", "pk": 34, "fields": {"name": "Can change pengusaha kuari", "content_type": 9, "codename": "change_quarryminer"}}, {"model": "auth.permission", "pk": 35, "fields": {"name": "Can delete pengusaha kuari", "content_type": 9, "codename": "delete_quarryminer"}}, {"model": "auth.permission", "pk": 36, "fields": {"name": "Can view pengusaha kuari", "content_type": 9, "codename": "view_quarryminer"}}, {"model": "auth.permission", "pk": 37, "fields": {"name": "Can add data pengusaha kuari", "content_type": 10, "codename": "add_quarryminerdata"}}, {"model": "auth.permission", "pk": 38, "fields": {"name": "Can change data pengusaha kuari", "content_type": 10, "codename": "change_quarryminerdata"}}, {"model": "auth.permission", "pk": 39, "fields": {"name": "Can delete data pengusaha kuari", "content_type": 10, "codename": "delete_quarryminerdata"}}, {"model": "auth.permission", "pk": 40, "fields": {"name": "Can view data pengusaha kuari", "content_type": 10, "codename": "view_quarryminerdata"}}, {"model": "auth.permission", "pk": 41, "fields": {"name": "Can add jentera elektrik", "content_type": 11, "codename": "add_electricmachinery"}}, {"model": "auth.permission", "pk": 42, "fields": {"name": "Can change jentera elektrik", "content_type": 11, "codename": "change_electricmachinery"}}, {"model": "auth.permission", "pk": 43, "fields": {"name": "Can delete jentera elektrik", "content_type": 11, "codename": "delete_electricmachinery"}}, {"model": "auth.permission", "pk": 44, "fields": {"name": "Can view jentera elektrik", "content_type": 11, "codename": "view_electricmachinery"}}, {"model": "auth.permission", "pk": 45, "fields": {"name": "Can add bahan tenaga", "content_type": 12, "codename": "add_energysupply"}}, {"model": "auth.permission", "pk": 46, "fields": {"name": "Can change bahan tenaga", "content_type": 12, "codename": "change_energysupply"}}, {"model": "auth.permission", "pk": 47, "fields": {"name": "Can delete bahan tenaga", "content_type": 12, "codename": "delete_energysupply"}}, {"model": "auth.permission", "pk": 48, "fields": {"name": "Can view bahan tenaga", "content_type": 12, "codename": "view_energysupply"}}, {"model": "auth.permission", "pk": 49, "fields": {"name": "Can add kegunaan akhir eksport", "content_type": 13, "codename": "add_exportfinaluses"}}, {"model": "auth.permission", "pk": 50, "fields": {"name": "Can change kegunaan akhir eksport", "content_type": 13, "codename": "change_exportfinaluses"}}, {"model": "auth.permission", "pk": 51, "fields": {"name": "Can delete kegunaan akhir eksport", "content_type": 13, "codename": "delete_exportfinaluses"}}, {"model": "auth.permission", "pk": 52, "fields": {"name": "Can view kegunaan akhir eksport", "content_type": 13, "codename": "view_exportfinaluses"}}, {"model": "auth.permission", "pk": 53, "fields": {"name": "Can add kontraktor asing", "content_type": 14, "codename": "add_foreigncontractor"}}, {"model": "auth.permission", "pk": 54, "fields": {"name": "Can change kontraktor asing", "content_type": 14, "codename": "change_foreigncontractor"}}, {"model": "auth.permission", "pk": 55, "fields": {"name": "Can delete kontraktor asing", "content_type": 14, "codename": "delete_foreigncontractor"}}, {"model": "auth.permission", "pk": 56, "fields": {"name": "Can view kontraktor asing", "content_type": 14, "codename": "view_foreigncontractor"}}, {"model": "auth.permission", "pk": 57, "fields": {"name": "Can add operator asing", "content_type": 15, "codename": "add_foreignoperator"}}, {"model": "auth.permission", "pk": 58, "fields": {"name": "Can change operator asing", "content_type": 15, "codename": "change_foreignoperator"}}, {"model": "auth.permission", "pk": 59, "fields": {"name": "Can delete operator asing", "content_type": 15, "codename": "delete_foreignoperator"}}, {"model": "auth.permission", "pk": 60, "fields": {"name": "Can view operator asing", "content_type": 15, "codename": "view_foreignoperator"}}, {"model": "auth.permission", "pk": 61, "fields": {"name": "Can add jentera bakar dalam", "content_type": 16, "codename": "add_internalcombustionmachinery"}}, {"model": "auth.permission", "pk": 62, "fields": {"name": "Can change jentera bakar dalam", "content_type": 16, "codename": "change_internalcombustionmachinery"}}, {"model": "auth.permission", "pk": 63, "fields": {"name": "Can delete jentera bakar dalam", "content_type": 16, "codename": "delete_internalcombustionmachinery"}}, {"model": "auth.permission", "pk": 64, "fields": {"name": "Can view jentera bakar dalam", "content_type": 16, "codename": "view_internalcombustionmachinery"}}, {"model": "auth.permission", "pk": 65, "fields": {"name": "Can add kontraktor tempatan", "content_type": 17, "codename": "add_localcontractor"}}, {"model": "auth.permission", "pk": 66, "fields": {"name": "Can change kontraktor tempatan", "content_type": 17, "codename": "change_localcontractor"}}, {"model": "auth.permission", "pk": 67, "fields": {"name": "Can delete kontraktor tempatan", "content_type": 17, "codename": "delete_localcontractor"}}, {"model": "auth.permission", "pk": 68, "fields": {"name": "Can view kontraktor tempatan", "content_type": 17, "codename": "view_localcontractor"}}, {"model": "auth.permission", "pk": 69, "fields": {"name": "Can add kegunaan akhir tempatan", "content_type": 18, "codename": "add_localfinaluses"}}, {"model": "auth.permission", "pk": 70, "fields": {"name": "Can change kegunaan akhir tempatan", "content_type": 18, "codename": "change_localfinaluses"}}, {"model": "auth.permission", "pk": 71, "fields": {"name": "Can delete kegunaan akhir tempatan", "content_type": 18, "codename": "delete_localfinaluses"}}, {"model": "auth.permission", "pk": 72, "fields": {"name": "Can view kegunaan akhir tempatan", "content_type": 18, "codename": "view_localfinaluses"}}, {"model": "auth.permission", "pk": 73, "fields": {"name": "Can add operator tempatan", "content_type": 19, "codename": "add_localoperator"}}, {"model": "auth.permission", "pk": 74, "fields": {"name": "Can change operator tempatan", "content_type": 19, "codename": "change_localoperator"}}, {"model": "auth.permission", "pk": 75, "fields": {"name": "Can delete operator tempatan", "content_type": 19, "codename": "delete_localoperator"}}, {"model": "auth.permission", "pk": 76, "fields": {"name": "Can view operator tempatan", "content_type": 19, "codename": "view_localoperator"}}, {"model": "auth.permission", "pk": 77, "fields": {"name": "Can add rekod operasi", "content_type": 20, "codename": "add_operatingrecord"}}, {"model": "auth.permission", "pk": 78, "fields": {"name": "Can change rekod operasi", "content_type": 20, "codename": "change_operatingrecord"}}, {"model": "auth.permission", "pk": 79, "fields": {"name": "Can delete rekod operasi", "content_type": 20, "codename": "delete_operatingrecord"}}, {"model": "auth.permission", "pk": 80, "fields": {"name": "Can view rekod operasi", "content_type": 20, "codename": "view_operatingrecord"}}, {"model": "auth.permission", "pk": 81, "fields": {"name": "Can add perangkaan pengeluaran", "content_type": 21, "codename": "add_productionstatistic"}}, {"model": "auth.permission", "pk": 82, "fields": {"name": "Can change perangkaan pengeluaran", "content_type": 21, "codename": "change_productionstatistic"}}, {"model": "auth.permission", "pk": 83, "fields": {"name": "Can delete perangkaan pengeluaran", "content_type": 21, "codename": "delete_productionstatistic"}}, {"model": "auth.permission", "pk": 84, "fields": {"name": "Can view perangkaan pengeluaran", "content_type": 21, "codename": "view_productionstatistic"}}, {"model": "auth.permission", "pk": 85, "fields": {"name": "Can add royalti", "content_type": 22, "codename": "add_royalties"}}, {"model": "auth.permission", "pk": 86, "fields": {"name": "Can change royalti", "content_type": 22, "codename": "change_royalties"}}, {"model": "auth.permission", "pk": 87, "fields": {"name": "Can delete royalti", "content_type": 22, "codename": "delete_royalties"}}, {"model": "auth.permission", "pk": 88, "fields": {"name": "Can view royalti", "content_type": 22, "codename": "view_royalties"}}, {"model": "auth.permission", "pk": 89, "fields": {"name": "Can add penyerahan jualan", "content_type": 23, "codename": "add_salessubmission"}}, {"model": "auth.permission", "pk": 90, "fields": {"name": "Can change penyerahan jualan", "content_type": 23, "codename": "change_salessubmission"}}, {"model": "auth.permission", "pk": 91, "fields": {"name": "Can delete penyerahan jualan", "content_type": 23, "codename": "delete_salessubmission"}}, {"model": "auth.permission", "pk": 92, "fields": {"name": "Can view penyerahan jualan", "content_type": 23, "codename": "view_salessubmission"}}, {"model": "auth.permission", "pk": 93, "fields": {"name": "Can add quarry data approval", "content_type": 24, "codename": "add_quarrydataapproval"}}, {"model": "auth.permission", "pk": 94, "fields": {"name": "Can change quarry data approval", "content_type": 24, "codename": "change_quarrydataapproval"}}, {"model": "auth.permission", "pk": 95, "fields": {"name": "Can delete quarry data approval", "content_type": 24, "codename": "delete_quarrydataapproval"}}, {"model": "auth.permission", "pk": 96, "fields": {"name": "Can view quarry data approval", "content_type": 24, "codename": "view_quarrydataapproval"}}, {"model": "auth.permission", "pk": 97, "fields": {"name": "Can add lain-lain", "content_type": 25, "codename": "add_other"}}, {"model": "auth.permission", "pk": 98, "fields": {"name": "Can change lain-lain", "content_type": 25, "codename": "change_other"}}, {"model": "auth.permission", "pk": 99, "fields": {"name": "Can delete lain-lain", "content_type": 25, "codename": "delete_other"}}, {"model": "auth.permission", "pk": 100, "fields": {"name": "Can view lain-lain", "content_type": 25, "codename": "view_other"}}, {"model": "auth.permission", "pk": 101, "fields": {"name": "Can add bahan letupan harian", "content_type": 26, "codename": "add_dailyexplosive"}}, {"model": "auth.permission", "pk": 102, "fields": {"name": "Can change bahan letupan harian", "content_type": 26, "codename": "change_dailyexplosive"}}, {"model": "auth.permission", "pk": 103, "fields": {"name": "Can delete bahan letupan harian", "content_type": 26, "codename": "delete_dailyexplosive"}}, {"model": "auth.permission", "pk": 104, "fields": {"name": "Can view bahan letupan harian", "content_type": 26, "codename": "view_dailyexplosive"}}, {"model": "auth.permission", "pk": 105, "fields": {"name": "Can add lombong", "content_type": 27, "codename": "add_mine"}}, {"model": "auth.permission", "pk": 106, "fields": {"name": "Can change lombong", "content_type": 27, "codename": "change_mine"}}, {"model": "auth.permission", "pk": 107, "fields": {"name": "Can delete lombong", "content_type": 27, "codename": "delete_mine"}}, {"model": "auth.permission", "pk": 108, "fields": {"name": "Can view lombong", "content_type": 27, "codename": "view_mine"}}, {"model": "auth.permission", "pk": 109, "fields": {"name": "Can add pengusaha lombong", "content_type": 28, "codename": "add_mineminer"}}, {"model": "auth.permission", "pk": 110, "fields": {"name": "Can change pengusaha lombong", "content_type": 28, "codename": "change_mineminer"}}, {"model": "auth.permission", "pk": 111, "fields": {"name": "Can delete pengusaha lombong", "content_type": 28, "codename": "delete_mineminer"}}, {"model": "auth.permission", "pk": 112, "fields": {"name": "Can view pengusaha lombong", "content_type": 28, "codename": "view_mineminer"}}, {"model": "auth.permission", "pk": 113, "fields": {"name": "Can add data pengusaha kuari", "content_type": 29, "codename": "add_mineminerdata"}}, {"model": "auth.permission", "pk": 114, "fields": {"name": "Can change data pengusaha kuari", "content_type": 29, "codename": "change_mineminerdata"}}, {"model": "auth.permission", "pk": 115, "fields": {"name": "Can delete data pengusaha kuari", "content_type": 29, "codename": "delete_mineminerdata"}}, {"model": "auth.permission", "pk": 116, "fields": {"name": "Can view data pengusaha kuari", "content_type": 29, "codename": "view_mineminerdata"}}, {"model": "auth.permission", "pk": 117, "fields": {"name": "Can add jentera elektrik", "content_type": 30, "codename": "add_electricmachinery"}}, {"model": "auth.permission", "pk": 118, "fields": {"name": "Can change jentera elektrik", "content_type": 30, "codename": "change_electricmachinery"}}, {"model": "auth.permission", "pk": 119, "fields": {"name": "Can delete jentera elektrik", "content_type": 30, "codename": "delete_electricmachinery"}}, {"model": "auth.permission", "pk": 120, "fields": {"name": "Can view jentera elektrik", "content_type": 30, "codename": "view_electricmachinery"}}, {"model": "auth.permission", "pk": 121, "fields": {"name": "Can add bahan tenaga", "content_type": 31, "codename": "add_energysupply"}}, {"model": "auth.permission", "pk": 122, "fields": {"name": "Can change bahan tenaga", "content_type": 31, "codename": "change_energysupply"}}, {"model": "auth.permission", "pk": 123, "fields": {"name": "Can delete bahan tenaga", "content_type": 31, "codename": "delete_energysupply"}}, {"model": "auth.permission", "pk": 124, "fields": {"name": "Can view bahan tenaga", "content_type": 31, "codename": "view_energysupply"}}, {"model": "auth.permission", "pk": 125, "fields": {"name": "Can add kontraktor asing", "content_type": 32, "codename": "add_foreigncontractor"}}, {"model": "auth.permission", "pk": 126, "fields": {"name": "Can change kontraktor asing", "content_type": 32, "codename": "change_foreigncontractor"}}, {"model": "auth.permission", "pk": 127, "fields": {"name": "Can delete kontraktor asing", "content_type": 32, "codename": "delete_foreigncontractor"}}, {"model": "auth.permission", "pk": 128, "fields": {"name": "Can view kontraktor asing", "content_type": 32, "codename": "view_foreigncontractor"}}, {"model": "auth.permission", "pk": 129, "fields": {"name": "Can add operator asing", "content_type": 33, "codename": "add_foreignoperator"}}, {"model": "auth.permission", "pk": 130, "fields": {"name": "Can change operator asing", "content_type": 33, "codename": "change_foreignoperator"}}, {"model": "auth.permission", "pk": 131, "fields": {"name": "Can delete operator asing", "content_type": 33, "codename": "delete_foreignoperator"}}, {"model": "auth.permission", "pk": 132, "fields": {"name": "Can view operator asing", "content_type": 33, "codename": "view_foreignoperator"}}, {"model": "auth.permission", "pk": 133, "fields": {"name": "Can add jentera bakar dalam", "content_type": 34, "codename": "add_internalcombustionmachinery"}}, {"model": "auth.permission", "pk": 134, "fields": {"name": "Can change jentera bakar dalam", "content_type": 34, "codename": "change_internalcombustionmachinery"}}, {"model": "auth.permission", "pk": 135, "fields": {"name": "Can delete jentera bakar dalam", "content_type": 34, "codename": "delete_internalcombustionmachinery"}}, {"model": "auth.permission", "pk": 136, "fields": {"name": "Can view jentera bakar dalam", "content_type": 34, "codename": "view_internalcombustionmachinery"}}, {"model": "auth.permission", "pk": 137, "fields": {"name": "Can add kontraktor tempatan", "content_type": 35, "codename": "add_localcontractor"}}, {"model": "auth.permission", "pk": 138, "fields": {"name": "Can change kontraktor tempatan", "content_type": 35, "codename": "change_localcontractor"}}, {"model": "auth.permission", "pk": 139, "fields": {"name": "Can delete kontraktor tempatan", "content_type": 35, "codename": "delete_localcontractor"}}, {"model": "auth.permission", "pk": 140, "fields": {"name": "Can view kontraktor tempatan", "content_type": 35, "codename": "view_localcontractor"}}, {"model": "auth.permission", "pk": 141, "fields": {"name": "Can add operator tempatan", "content_type": 36, "codename": "add_localoperator"}}, {"model": "auth.permission", "pk": 142, "fields": {"name": "Can change operator tempatan", "content_type": 36, "codename": "change_localoperator"}}, {"model": "auth.permission", "pk": 143, "fields": {"name": "Can delete operator tempatan", "content_type": 36, "codename": "delete_localoperator"}}, {"model": "auth.permission", "pk": 144, "fields": {"name": "Can view operator tempatan", "content_type": 36, "codename": "view_localoperator"}}, {"model": "auth.permission", "pk": 145, "fields": {"name": "Can add rekod operasi", "content_type": 37, "codename": "add_operatingrecord"}}, {"model": "auth.permission", "pk": 146, "fields": {"name": "Can change rekod operasi", "content_type": 37, "codename": "change_operatingrecord"}}, {"model": "auth.permission", "pk": 147, "fields": {"name": "Can delete rekod operasi", "content_type": 37, "codename": "delete_operatingrecord"}}, {"model": "auth.permission", "pk": 148, "fields": {"name": "Can view rekod operasi", "content_type": 37, "codename": "view_operatingrecord"}}, {"model": "auth.permission", "pk": 149, "fields": {"name": "Can add perangkaan", "content_type": 38, "codename": "add_statistic"}}, {"model": "auth.permission", "pk": 150, "fields": {"name": "Can change perangkaan", "content_type": 38, "codename": "change_statistic"}}, {"model": "auth.permission", "pk": 151, "fields": {"name": "Can delete perangkaan", "content_type": 38, "codename": "delete_statistic"}}, {"model": "auth.permission", "pk": 152, "fields": {"name": "Can view perangkaan", "content_type": 38, "codename": "view_statistic"}}, {"model": "auth.permission", "pk": 153, "fields": {"name": "Can add mine data approval", "content_type": 39, "codename": "add_minedataapproval"}}, {"model": "auth.permission", "pk": 154, "fields": {"name": "Can change mine data approval", "content_type": 39, "codename": "change_minedataapproval"}}, {"model": "auth.permission", "pk": 155, "fields": {"name": "Can delete mine data approval", "content_type": 39, "codename": "delete_minedataapproval"}}, {"model": "auth.permission", "pk": 156, "fields": {"name": "Can view mine data approval", "content_type": 39, "codename": "view_minedataapproval"}}, {"model": "auth.permission", "pk": 157, "fields": {"name": "Can add syarikat", "content_type": 40, "codename": "add_company"}}, {"model": "auth.permission", "pk": 158, "fields": {"name": "Can change syarikat", "content_type": 40, "codename": "change_company"}}, {"model": "auth.permission", "pk": 159, "fields": {"name": "Can delete syarikat", "content_type": 40, "codename": "delete_company"}}, {"model": "auth.permission", "pk": 160, "fields": {"name": "Can view syarikat", "content_type": 40, "codename": "view_company"}}, {"model": "auth.permission", "pk": 161, "fields": {"name": "Can add pekerja", "content_type": 41, "codename": "add_employee"}}, {"model": "auth.permission", "pk": 162, "fields": {"name": "Can change pekerja", "content_type": 41, "codename": "change_employee"}}, {"model": "auth.permission", "pk": 163, "fields": {"name": "Can delete pekerja", "content_type": 41, "codename": "delete_employee"}}, {"model": "auth.permission", "pk": 164, "fields": {"name": "Can view pekerja", "content_type": 41, "codename": "view_employee"}}, {"model": "auth.group", "pk": 1, "fields": {"name": "Industry", "permissions": []}}, {"model": "auth.group", "pk": 2, "fields": {"name": "JMG State", "permissions": []}}, {"model": "auth.group", "pk": 3, "fields": {"name": "JMG State Admin", "permissions": []}}, {"model": "auth.group", "pk": 4, "fields": {"name": "JMG HQ", "permissions": []}}, {"model": "auth.group", "pk": 5, "fields": {"name": "Super Admin", "permissions": []}}, {"model": "contenttypes.contenttype", "pk": 1, "fields": {"app_label": "admin", "model": "logentry"}}, {"model": "contenttypes.contenttype", "pk": 2, "fields": {"app_label": "auth", "model": "permission"}}, {"model": "contenttypes.contenttype", "pk": 3, "fields": {"app_label": "auth", "model": "group"}}, {"model": "contenttypes.contenttype", "pk": 4, "fields": {"app_label": "contenttypes", "model": "contenttype"}}, {"model": "contenttypes.contenttype", "pk": 5, "fields": {"app_label": "sessions", "model": "session"}}, {"model": "contenttypes.contenttype", "pk": 6, "fields": {"app_label": "account", "model": "user"}}, {"model": "contenttypes.contenttype", "pk": 7, "fields": {"app_label": "account", "model": "profile"}}, {"model": "contenttypes.contenttype", "pk": 8, "fields": {"app_label": "quarry", "model": "quarry"}}, {"model": "contenttypes.contenttype", "pk": 9, "fields": {"app_label": "quarry", "model": "quarryminer"}}, {"model": "contenttypes.contenttype", "pk": 10, "fields": {"app_label": "quarry", "model": "quarryminerdata"}}, {"model": "contenttypes.contenttype", "pk": 11, "fields": {"app_label": "quarry", "model": "electricmachinery"}}, {"model": "contenttypes.contenttype", "pk": 12, "fields": {"app_label": "quarry", "model": "energysupply"}}, {"model": "contenttypes.contenttype", "pk": 13, "fields": {"app_label": "quarry", "model": "exportfinaluses"}}, {"model": "contenttypes.contenttype", "pk": 14, "fields": {"app_label": "quarry", "model": "foreigncontractor"}}, {"model": "contenttypes.contenttype", "pk": 15, "fields": {"app_label": "quarry", "model": "foreignoperator"}}, {"model": "contenttypes.contenttype", "pk": 16, "fields": {"app_label": "quarry", "model": "internalcombustionmachinery"}}, {"model": "contenttypes.contenttype", "pk": 17, "fields": {"app_label": "quarry", "model": "localcontractor"}}, {"model": "contenttypes.contenttype", "pk": 18, "fields": {"app_label": "quarry", "model": "localfinaluses"}}, {"model": "contenttypes.contenttype", "pk": 19, "fields": {"app_label": "quarry", "model": "localoperator"}}, {"model": "contenttypes.contenttype", "pk": 20, "fields": {"app_label": "quarry", "model": "operatingrecord"}}, {"model": "contenttypes.contenttype", "pk": 21, "fields": {"app_label": "quarry", "model": "productionstatistic"}}, {"model": "contenttypes.contenttype", "pk": 22, "fields": {"app_label": "quarry", "model": "royalties"}}, {"model": "contenttypes.contenttype", "pk": 23, "fields": {"app_label": "quarry", "model": "salessubmission"}}, {"model": "contenttypes.contenttype", "pk": 24, "fields": {"app_label": "quarry", "model": "quarrydataapproval"}}, {"model": "contenttypes.contenttype", "pk": 25, "fields": {"app_label": "quarry", "model": "other"}}, {"model": "contenttypes.contenttype", "pk": 26, "fields": {"app_label": "quarry", "model": "dailyexplosive"}}, {"model": "contenttypes.contenttype", "pk": 27, "fields": {"app_label": "mine", "model": "mine"}}, {"model": "contenttypes.contenttype", "pk": 28, "fields": {"app_label": "mine", "model": "mineminer"}}, {"model": "contenttypes.contenttype", "pk": 29, "fields": {"app_label": "mine", "model": "mineminerdata"}}, {"model": "contenttypes.contenttype", "pk": 30, "fields": {"app_label": "mine", "model": "electricmachinery"}}, {"model": "contenttypes.contenttype", "pk": 31, "fields": {"app_label": "mine", "model": "energysupply"}}, {"model": "contenttypes.contenttype", "pk": 32, "fields": {"app_label": "mine", "model": "foreigncontractor"}}, {"model": "contenttypes.contenttype", "pk": 33, "fields": {"app_label": "mine", "model": "foreignoperator"}}, {"model": "contenttypes.contenttype", "pk": 34, "fields": {"app_label": "mine", "model": "internalcombustionmachinery"}}, {"model": "contenttypes.contenttype", "pk": 35, "fields": {"app_label": "mine", "model": "localcontractor"}}, {"model": "contenttypes.contenttype", "pk": 36, "fields": {"app_label": "mine", "model": "localoperator"}}, {"model": "contenttypes.contenttype", "pk": 37, "fields": {"app_label": "mine", "model": "operatingrecord"}}, {"model": "contenttypes.contenttype", "pk": 38, "fields": {"app_label": "mine", "model": "statistic"}}, {"model": "contenttypes.contenttype", "pk": 39, "fields": {"app_label": "mine", "model": "minedataapproval"}}, {"model": "contenttypes.contenttype", "pk": 40, "fields": {"app_label": "company", "model": "company"}}, {"model": "contenttypes.contenttype", "pk": 41, "fields": {"app_label": "company", "model": "employee"}}, {"model": "sessions.session", "pk": "mvw4sqtueeijqfspa2jsoesit8w2xgjk", "fields": {"session_data": ".eJxVjDEOAiEQRe9CbcjgAIKlvWcgwAyyaiBZdivj3XWTLbT9773_EiGuSw3r4DlMJM7CiMPvlmJ-cNsA3WO7dZl7W-YpyU2ROx3y2omfl939O6hx1G-NFg0V1OgKRGZljFN49AnBK281lEzk4eTAFE0pc3ScrAMG1oocFPH-AMtkN6g:1kUXbE:vqqiGQr4WPzJo7QylXVf_AAhSnx72AXBZ9CqGt3XRQ8", "expire_date": "2020-11-02T16:01:28.948Z"}}, {"model": "sessions.session", "pk": "pkgis5cbhh7guvo3g5vfx0cvunptmwhh", "fields": {"session_data": ".eJxVjDsOwyAQRO9CHSFAaz4p0-cMaJeF4CTCkrErK3ePLblIypn3ZjYRcV1qXHue48jiKrQRl9-SML1yOwg_sT0mmaa2zCPJQ5En7fI-cX7fTvfvoGKv-5osa50c-ByMypRKsYYxeTsMhQmQFAKW4PboAcF6KIkseQqM2jglPl8t-Tj4:1kUX3Y:4s1RqlSn96NsXq7Or5_HBFeeoEYLJPgwOK_47OxqWWA", "expire_date": "2020-11-02T15:26:40.408Z"}}, {"model": "sessions.session", "pk": "uyvm2eyrrzrbg1eh019kpeby8fsme15y", "fields": {"session_data": ".eJxVjE0OgjAYRO_StWlKgdK6dM8Zmu-vgpo2obAy3l1IWOhmFvPezFtF2NYpblWWOLO6qk5dfjsEeko-AD8g34umktdlRn0o-qRVj4XldTvdv4MJ6rSvPVJyPZAFwxysgy4FA97igJasc-2e2EjDIpJS27EgDtSa4HoywYP6fAEMIjjn:1kSMYU:EXJ_wZ-hu4p1Nx7lzAYPBulG6GQcdNAEXjd0nwHGt-4", "expire_date": "2020-10-27T15:49:38.626Z"}}, {"model": "sessions.session", "pk": "zq3fyrjgccncqx6i0eh87l3u2w6ysqws", "fields": {"session_data": ".eJxVjMsOwiAQRf-FtSE8C7h07zeQGRikaiAp7cr479qkC93ec859sQjbWuM2aIlzZmcm2el3Q0gPajvId2i3zlNv6zIj3xV-0MGvPdPzcrh_BxVG_dbeE0n0uhQoRYlJSG2UsgmCNSYZh4WCKMZOARNpC1qRwyCEdFYpcIG9P-SWN3Q:1kSMYc:v5F60MC6O-fJxppyYohxrWNKt0bcmROhQWi6av602ac", "expire_date": "2020-10-27T15:49:46.537Z"}}, {"model": "sessions.session", "pk": "zrg8r8o26lhkuute061793i9smauypro", "fields": {"session_data": ".eJxVjMsOwiAQRf-FtSE8C7h07zeQGRikaiAp7cr479qkC93ec859sQjbWuM2aIlzZmcm2el3Q0gPajvId2i3zlNv6zIj3xV-0MGvPdPzcrh_BxVG_dbeE0n0uhQoRYlJSG2UsgmCNSYZh4WCKMZOARNpC1qRwyCEdFYpcIG9P-SWN3Q:1kUBrW:LYRDdbUcJOInSTHtBPNev3G5LjcwOa1Iw6YYx6niTEo", "expire_date": "2020-11-01T16:48:50.504Z"}}, {"model": "account.user", "pk": 1, "fields": {"password": "pbkdf2_sha256$216000$1GSmL2kY0aQM$KzD2clzitMzN3Pd63akr6nsuOz71Uxy7kWqKW62zJKI=", "last_login": "2020-10-18T16:48:50.381Z", "is_superuser": true, "username": "IjatAyam", "first_name": "Ijat", "last_name": "Ayam", "is_staff": true, "is_active": true, "date_joined": "2020-10-07T03:07:52Z", "email": "ijat191999@gmail.com", "groups": [], "user_permissions": []}}, {"model": "account.user", "pk": 2, "fields": {"password": "pbkdf2_sha256$216000$bELjhez4CFBc$MRWwEN9/6mUJvcpbQ9cRZkk9OijppBUfSbj9D172xXE=", "last_login": "2020-10-08T04:50:29Z", "is_superuser": false, "username": "TestUser", "first_name": "uwais", "last_name": "uhuh", "is_staff": false, "is_active": true, "date_joined": "2020-10-07T03:09:22Z", "email": "teach@lms.com", "groups": [1], "user_permissions": []}}, {"model": "account.user", "pk": 3, "fields": {"password": "pbkdf2_sha256$216000$TficSUJ3fMPT$EgADMJA55bGpyUAF7J1tsVVSSoUvVRrXJmLPZlXo3wU=", "last_login": "2020-10-18T13:21:02.431Z", "is_superuser": false, "username": "JMGState", "first_name": "JMG", "last_name": "State", "is_staff": false, "is_active": true, "date_joined": "2020-10-08T05:40:18Z", "email": "jmgstate@gmail.com", "groups": [2], "user_permissions": []}}, {"model": "account.user", "pk": 4, "fields": {"password": "pbkdf2_sha256$216000$PN7UkYRoGRDI$70nc00+PfWsmasS94csrNewTo4JNr7TkqJtmNVnlpzM=", "last_login": "2020-10-19T15:30:35.659Z", "is_superuser": false, "username": "JMGStateAdmin", "first_name": "JMG", "last_name": "State Admin", "is_staff": false, "is_active": true, "date_joined": "2020-10-08T05:41:04Z", "email": "jmgstateadmin@gmail.com", "groups": [3], "user_permissions": []}}, {"model": "account.user", "pk": 5, "fields": {"password": "pbkdf2_sha256$216000$SM85DU3WmDfn$D729h0TEp/H0MuovqJxtvDFq/OzAgHJGKeiWN53nZJQ=", "last_login": "2020-10-19T16:01:28.778Z", "is_superuser": false, "username": "JMGHQ", "first_name": "JMG", "last_name": "HQ", "is_staff": false, "is_active": true, "date_joined": "2020-10-08T05:43:49Z", "email": "jmghq@gmail.com", "groups": [4], "user_permissions": []}}, {"model": "account.user", "pk": 6, "fields": {"password": "pbkdf2_sha256$216000$5UWTqWOsgM3h$XWnKHhzJBevMseFWilND4d63iwFP2pNyv3v+c3/Vt14=", "last_login": null, "is_superuser": false, "username": "SuperAdmin", "first_name": "Super", "last_name": "Admin", "is_staff": false, "is_active": true, "date_joined": "2020-10-08T05:44:36Z", "email": "superadmin@gmail.com", "groups": [5], "user_permissions": []}}, {"model": "account.user", "pk": 7, "fields": {"password": "pbkdf2_sha256$216000$xcRtxxK7X8dg$N8z7PICqcESghLmQ12O9b+xt8icuRSU9isO+O8jguiU=", "last_login": "2020-10-19T15:37:23.707Z", "is_superuser": false, "username": "industri", "first_name": "Industri", "last_name": "Kuari", "is_staff": false, "is_active": true, "date_joined": "2020-10-08T05:48:19Z", "email": "industri@gmail.com", "groups": [1], "user_permissions": []}}, {"model": "account.user", "pk": 8, "fields": {"password": "pbkdf2_sha256$216000$zw3T9LVvQrvP$X2gj/oAsqj/xCASDCc+ny4F3n1nAYv5wZjYmUDtzNuM=", "last_login": null, "is_superuser": false, "username": "newuser", "first_name": "new", "last_name": "user", "is_staff": false, "is_active": true, "date_joined": "2020-10-13T17:21:00.081Z", "email": "teacher@lms.com", "groups": [], "user_permissions": []}}, {"model": "account.user", "pk": 9, "fields": {"password": "pbkdf2_sha256$216000$9d6nEtgnorvt$lr69JiJiLjJdz5uXsylbtYiuNLYxYD+c2NsMlvwhAo0=", "last_login": null, "is_superuser": false, "username": "newuser2", "first_name": "new", "last_name": "user", "is_staff": false, "is_active": true, "date_joined": "2020-10-13T17:24:31.254Z", "email": "teacher@lms.co", "groups": [1], "user_permissions": []}}, {"model": "account.user", "pk": 10, "fields": {"password": "pbkdf2_sha256$216000$USVlACeq5Sk3$uoBZ2uKHNnzQJ9Wn0lOpJuPvrfIPeQya+fz6tMow3Zs=", "last_login": null, "is_superuser": false, "username": "newuser4", "first_name": "asdf", "last_name": "gasdf", "is_staff": false, "is_active": true, "date_joined": "2020-10-14T06:27:37.244Z", "email": "admin@lms.com", "groups": [1], "user_permissions": []}}, {"model": "account.user", "pk": 11, "fields": {"password": "pbkdf2_sha256$216000$BGEj9s5kZtGA$WjsUmhm7AI4Bnzc1ZUy8Th148TgT3+0EL+ZtyNixslw=", "last_login": null, "is_superuser": false, "username": "arif", "first_name": "arip", "last_name": "pah", "is_staff": false, "is_active": true, "date_joined": "2020-10-14T08:57:42.982Z", "email": "arif@gmail.com", "groups": [1], "user_permissions": []}}, {"model": "account.user", "pk": 12, "fields": {"password": "pbkdf2_sha256$216000$i3W09f6LV11Y$WjVM3Dl1c+w7LPVYIy2hXJ3LPjHABh93ZFKgy9Q4Zik=", "last_login": "2020-10-19T15:26:40.304Z", "is_superuser": true, "username": "fatin", "first_name": "", "last_name": "", "is_staff": true, "is_active": true, "date_joined": "2020-10-14T15:13:22.829Z", "email": "fatin@gmail.com", "groups": [], "user_permissions": []}}, {"model": "account.profile", "pk": 1, "fields": {"image": "", "state": "KDH"}}, {"model": "account.profile", "pk": 2, "fields": {"image": "", "state": "KDH"}}, {"model": "account.profile", "pk": 3, "fields": {"image": "", "state": "KDH"}}, {"model": "account.profile", "pk": 4, "fields": {"image": "", "state": "KDH"}}, {"model": "account.profile", "pk": 5, "fields": {"image": "", "state": "JHR"}}, {"model": "account.profile", "pk": 6, "fields": {"image": "", "state": "KDH"}}, {"model": "account.profile", "pk": 7, "fields": {"image": "", "state": "KDH"}}, {"model": "account.profile", "pk": 9, "fields": {"image": "", "state": "KDH"}}, {"model": "account.profile", "pk": 10, "fields": {"image": "", "state": "KDH"}}, {"model": "account.profile", "pk": 11, "fields": {"image": "", "state": "KDH"}}, {"model": "company.company", "pk": 1, "fields": {"name": "aku sdn bhd", "address1": "sadf", "address2": "sf", "address3": "asfd", "state": "KDH", "phone": "01278365932", "fax": "01278365932", "email": "hehe@gmail.com", "status": true, "created_at": "2020-10-14T00:42:35.336Z", "updated_at": "2020-10-14T00:42:35.336Z"}}, {"model": "company.company", "pk": 2, "fields": {"name": "sfsdaf sdn bh", "address1": "sadfsdf", "address2": "", "address3": "", "state": "KUL", "phone": "01278365932", "fax": "01278365932", "email": "w3ekan@gmail.com", "status": true, "created_at": "2020-10-14T00:44:22.459Z", "updated_at": "2020-10-19T15:27:48.303Z"}}, {"model": "company.company", "pk": 3, "fields": {"name": "megasoft", "address1": "sdfghjk", "address2": "cvbn", "address3": "v bnm", "state": "KDH", "phone": "2652652", "fax": "26264", "email": "afif@gmail.com", "status": true, "created_at": "2020-10-14T09:09:32.786Z", "updated_at": "2020-10-14T15:15:21.648Z"}}, {"model": "company.company", "pk": 4, "fields": {"name": "megasoft network", "address1": "wangsamaju", "address2": "", "address3": "", "state": "KDH", "phone": "0132424535", "fax": "26264", "email": "afif@gmail.com", "status": true, "created_at": "2020-10-14T09:10:34.040Z", "updated_at": "2020-10-19T15:30:05.680Z"}}, {"model": "company.company", "pk": 5, "fields": {"name": "megasoft hai", "address1": "hai", "address2": "hai", "address3": "hai", "state": "KDH", "phone": "0123654789", "fax": "0132465987", "email": "megasoft@gmail.com", "status": true, "created_at": "2020-10-14T15:08:44.535Z", "updated_at": "2020-10-19T15:30:20.209Z"}}, {"model": "company.company", "pk": 6, "fields": {"name": "mega sdn bhd", "address1": "sabak bernam", "address2": "", "address3": "", "state": "KDH", "phone": "0132624585", "fax": "0132654789", "email": "afif@gmail.com", "status": true, "created_at": "2020-10-19T15:07:34.261Z", "updated_at": "2020-10-19T15:29:54.779Z"}}, {"model": "company.employee", "pk": 1, "fields": {"user": 7, "company": 4, "add_by": 4, "created_at": "2020-10-14T07:43:36.119Z", "updated_at": "2020-10-15T15:37:00.275Z"}}, {"model": "company.employee", "pk": 2, "fields": {"user": 11, "company": null, "add_by": 4, "created_at": "2020-10-14T08:58:00.527Z", "updated_at": "2020-10-14T08:58:06.325Z"}}, {"model": "company.employee", "pk": 3, "fields": {"user": 9, "company": 4, "add_by": 4, "created_at": "2020-10-14T09:11:00.830Z", "updated_at": "2020-10-15T15:37:06.132Z"}}, {"model": "quarry.quarry", "pk": 1, "fields": {"address1": "Lot 789, Lorong 4 G/H", "address2": "", "address3": "", "phone_number": "0132424535", "fax_number": "2834791236", "email": "afif@gmail.com", "location": "zoom", "mukim": "manir", "district": "besut", "state": "KDH", "land_status": "342153245fasd", "grid_reference": "sadfsadfasdf", "max_capacity": "Sabak Bernam", "company_category": "sadf", "main_rock_type": "GRANITE", "side_rock_type": "QUARTZITE", "status": true, "created_at": "2020-10-16T07:39:13.562Z", "updated_at": "2020-10-18T16:50:28.889Z"}}, {"model": "quarry.quarry", "pk": 2, "fields": {"address1": "kuala lumpur", "address2": "", "address3": "", "phone_number": "0123654789", "fax_number": "0123654778", "email": "b@gmail.com", "location": "wangsamaju", "mukim": "wangsamaju 1", "district": "wangsamaju", "state": "KDH", "land_status": "aktif", "grid_reference": "5465", "max_capacity": "52", "company_category": "sdn bhd", "main_rock_type": "LIMESTONE", "side_rock_type": "SANDSTONE", "status": true, "created_at": "2020-10-19T15:09:28.490Z", "updated_at": "2020-10-19T15:09:28.490Z"}}, {"model": "quarry.quarry", "pk": 3, "fields": {"address1": "kuala lumpur", "address2": "", "address3": "", "phone_number": "0198787535", "fax_number": "0198787555", "email": "c@gmail.com", "location": "setiawangsa", "mukim": "setiawangsa 1", "district": "setiawangsa", "state": "KDH", "land_status": "aktif", "grid_reference": "5123", "max_capacity": "741", "company_category": "sdn bhd", "main_rock_type": "SERPENTINITE", "side_rock_type": "ANDESITE", "status": true, "created_at": "2020-10-19T15:10:48.208Z", "updated_at": "2020-10-19T15:10:48.208Z"}}, {"model": "quarry.quarry", "pk": 4, "fields": {"address1": "kuala lumpur", "address2": "", "address3": "", "phone_number": "0132424535", "fax_number": "0132424999", "email": "d@gmail.com", "location": "setapak", "mukim": "setapak 1", "district": "setapak", "state": "KDH", "land_status": "aktif", "grid_reference": "9652", "max_capacity": "42", "company_category": "sdn bhd", "main_rock_type": "GRAVEL", "side_rock_type": "BASALT", "status": true, "created_at": "2020-10-19T15:12:00.950Z", "updated_at": "2020-10-19T15:12:00.950Z"}}, {"model": "quarry.quarry", "pk": 5, "fields": {"address1": "kuala lumpur", "address2": "", "address3": "", "phone_number": "0132424777", "fax_number": "0132424788", "email": "e@gmail.com", "location": "ukay", "mukim": "ukay perdana", "district": "ukay perdana", "state": "KDH", "land_status": "aktif", "grid_reference": "452", "max_capacity": "9521", "company_category": "sdn bhd", "main_rock_type": "DOLOMITE", "side_rock_type": "MICROTONALITE", "status": true, "created_at": "2020-10-19T15:13:03.008Z", "updated_at": "2020-10-19T15:13:03.008Z"}}, {"model": "quarry.quarryminer", "pk": 1, "fields": {"miner": 7, "quarry": 1, "add_by": 4, "lot_number": "1234", "latitude": "3214.0000", "longitude": "2134.0000", "created_at": "2020-10-17T07:27:41.206Z", "updated_at": "2020-10-17T07:27:41.206Z"}}, {"model": "quarry.quarryminer", "pk": 2, "fields": {"miner": 7, "quarry": 2, "add_by": 4, "lot_number": "7654", "latitude": "9876.0000", "longitude": "2345.0000", "created_at": "2020-10-19T15:31:28.358Z", "updated_at": "2020-10-19T15:31:28.358Z"}}, {"model": "quarry.quarryminer", "pk": 3, "fields": {"miner": 7, "quarry": 3, "add_by": 4, "lot_number": "654", "latitude": "177.0000", "longitude": "787.0000", "created_at": "2020-10-19T15:32:35.812Z", "updated_at": "2020-10-19T15:32:35.812Z"}}, {"model": "quarry.quarryminerdata", "pk": 1, "fields": {"miner": 1, "quarry": 1, "state": "KDH", "month": 1, "year": 2020, "created_at": "2020-10-17T07:28:14.798Z", "updated_at": "2020-10-17T07:28:14.798Z"}}, {"model": "quarry.quarryminerdata", "pk": 2, "fields": {"miner": 1, "quarry": 1, "state": "KDH", "month": 4, "year": 2018, "created_at": "2020-10-17T15:31:52.726Z", "updated_at": "2020-10-17T15:31:52.727Z"}}, {"model": "quarry.quarryminerdata", "pk": 3, "fields": {"miner": 1, "quarry": 1, "state": "KDH", "month": 1, "year": 2020, "created_at": "2020-10-18T16:52:16.720Z", "updated_at": "2020-10-18T16:52:16.720Z"}}, {"model": "quarry.quarryminerdata", "pk": 4, "fields": {"miner": 2, "quarry": 2, "state": "KDH", "month": 5, "year": 2020, "created_at": "2020-10-19T15:33:07.982Z", "updated_at": "2020-10-19T15:33:07.982Z"}}, {"model": "quarry.quarryminerdata", "pk": 5, "fields": {"miner": 1, "quarry": 1, "state": "KDH", "month": 12, "year": 2020, "created_at": "2020-10-19T15:38:29.012Z", "updated_at": "2020-10-19T15:38:29.012Z"}}, {"model": "quarry.quarryminerdata", "pk": 6, "fields": {"miner": 3, "quarry": 3, "state": "KDH", "month": 8, "year": 2020, "created_at": "2020-10-19T15:40:22.279Z", "updated_at": "2020-10-19T15:40:22.279Z"}}, {"model": "quarry.quarryminerdata", "pk": 7, "fields": {"miner": 3, "quarry": 3, "state": "KDH", "month": 2, "year": 2020, "created_at": "2020-10-19T15:41:26.976Z", "updated_at": "2020-10-19T15:41:26.976Z"}}, {"model": "quarry.quarryminerdata", "pk": 8, "fields": {"miner": 3, "quarry": 3, "state": "KDH", "month": 3, "year": 2020, "created_at": "2020-10-19T15:44:15.608Z", "updated_at": "2020-10-19T15:44:15.608Z"}}, {"model": "quarry.quarryminerdata", "pk": 9, "fields": {"miner": 2, "quarry": 2, "state": "KDH", "month": 4, "year": 2020, "created_at": "2020-10-19T15:44:23.693Z", "updated_at": "2020-10-19T15:44:23.693Z"}}, {"model": "quarry.quarryminerdata", "pk": 10, "fields": {"miner": 3, "quarry": 3, "state": "KDH", "month": 5, "year": 2020, "created_at": "2020-10-19T15:47:29.811Z", "updated_at": "2020-10-19T15:47:29.811Z"}}, {"model": "quarry.quarryminerdata", "pk": 11, "fields": {"miner": 1, "quarry": 1, "state": "KDH", "month": 11, "year": 2020, "created_at": "2020-10-19T15:47:46.829Z", "updated_at": "2020-10-19T15:47:46.829Z"}}, {"model": "quarry.productionstatistic", "pk": 1, "fields": {"initial_main_rock_stock": "5.0000", "initial_side_rock_stock": "5.0000", "main_rock_production": "4.0000", "side_rock_production": "5.0000", "total_main_rock": "6.0000", "total_side_rock": "5.0000", "main_rock_submission": "55.0000", "side_rock_submission": "5.0000", "final_main_rock_stock": "5.0000", "final_side_rock_stock": "5.0000", "created_at": "2020-10-17T07:28:32.579Z", "updated_at": "2020-10-17T07:28:32.579Z"}}, {"model": "quarry.productionstatistic", "pk": 2, "fields": {"initial_main_rock_stock": "6.0000", "initial_side_rock_stock": "5.0000", "main_rock_production": "4.0000", "side_rock_production": "5.0000", "total_main_rock": "4.0000", "total_side_rock": "5.0000", "main_rock_submission": "5.0000", "side_rock_submission": "4.0000", "final_main_rock_stock": "5.0000", "final_side_rock_stock": "4.0000", "created_at": "2020-10-17T15:32:07.226Z", "updated_at": "2020-10-19T15:49:46.933Z"}}, {"model": "quarry.productionstatistic", "pk": 3, "fields": {"initial_main_rock_stock": "9.0000", "initial_side_rock_stock": "8.0000", "main_rock_production": "7.0000", "side_rock_production": "8.0000", "total_main_rock": "9.0000", "total_side_rock": "7.0000", "main_rock_submission": "8.0000", "side_rock_submission": "4.0000", "final_main_rock_stock": "5.0000", "final_side_rock_stock": "6.0000", "created_at": "2020-10-18T16:52:27.891Z", "updated_at": "2020-10-18T16:52:27.891Z"}}, {"model": "quarry.productionstatistic", "pk": 4, "fields": {"initial_main_rock_stock": "54.0000", "initial_side_rock_stock": "432.0000", "main_rock_production": "43.0000", "side_rock_production": "456.0000", "total_main_rock": "56.0000", "total_side_rock": "567.0000", "main_rock_submission": "6756.0000", "side_rock_submission": "75.0000", "final_main_rock_stock": "675.0000", "final_side_rock_stock": "67.0000", "created_at": "2020-10-19T15:33:21.077Z", "updated_at": "2020-10-19T15:33:21.077Z"}}, {"model": "quarry.productionstatistic", "pk": 5, "fields": {"initial_main_rock_stock": "79.0000", "initial_side_rock_stock": "7.0000", "main_rock_production": "97.0000", "side_rock_production": "97.0000", "total_main_rock": "97.0000", "total_side_rock": "97.0000", "main_rock_submission": "97.0000", "side_rock_submission": "97.0000", "final_main_rock_stock": "97.0000", "final_side_rock_stock": "97.0000", "created_at": "2020-10-19T15:38:37.299Z", "updated_at": "2020-10-19T15:38:37.299Z"}}, {"model": "quarry.productionstatistic", "pk": 6, "fields": {"initial_main_rock_stock": "34.0000", "initial_side_rock_stock": "667.0000", "main_rock_production": "56.0000", "side_rock_production": "56.0000", "total_main_rock": "56.0000", "total_side_rock": "56.0000", "main_rock_submission": "56.0000", "side_rock_submission": "56.0000", "final_main_rock_stock": "67.0000", "final_side_rock_stock": "67.0000", "created_at": "2020-10-19T15:40:30.384Z", "updated_at": "2020-10-19T15:40:30.384Z"}}, {"model": "quarry.productionstatistic", "pk": 7, "fields": {"initial_main_rock_stock": "7.0000", "initial_side_rock_stock": "97.0000", "main_rock_production": "97.0000", "side_rock_production": "979.0000", "total_main_rock": "9.0000", "total_side_rock": "79.0000", "main_rock_submission": "979.0000", "side_rock_submission": "79.0000", "final_main_rock_stock": "7.0000", "final_side_rock_stock": "97.0000", "created_at": "2020-10-19T15:41:39.697Z", "updated_at": "2020-10-19T15:41:39.697Z"}}, {"model": "quarry.productionstatistic", "pk": 8, "fields": {"initial_main_rock_stock": "7.0000", "initial_side_rock_stock": "97.0000", "main_rock_production": "97.0000", "side_rock_production": "97.0000", "total_main_rock": "97.0000", "total_side_rock": "97.0000", "main_rock_submission": "9.0000", "side_rock_submission": "79.0000", "final_main_rock_stock": "79.0000", "final_side_rock_stock": "7.0000", "created_at": "2020-10-19T15:44:23.259Z", "updated_at": "2020-10-19T15:44:23.260Z"}}, {"model": "quarry.productionstatistic", "pk": 9, "fields": {"initial_main_rock_stock": "567.0000", "initial_side_rock_stock": "456.0000", "main_rock_production": "75.0000", "side_rock_production": "65.0000", "total_main_rock": "6.0000", "total_side_rock": "78.0000", "main_rock_submission": "5.0000", "side_rock_submission": "65.0000", "final_main_rock_stock": "64.0000", "final_side_rock_stock": "54.0000", "created_at": "2020-10-19T15:44:38.130Z", "updated_at": "2020-10-19T15:44:38.130Z"}}, {"model": "quarry.productionstatistic", "pk": 10, "fields": {"initial_main_rock_stock": "79.0000", "initial_side_rock_stock": "79.0000", "main_rock_production": "79.0000", "side_rock_production": "79.0000", "total_main_rock": "79.0000", "total_side_rock": "79.0000", "main_rock_submission": "9.0000", "side_rock_submission": "79.0000", "final_main_rock_stock": "79.0000", "final_side_rock_stock": "79.0000", "created_at": "2020-10-19T15:47:41.770Z", "updated_at": "2020-10-19T15:47:41.770Z"}}, {"model": "quarry.productionstatistic", "pk": 11, "fields": {"initial_main_rock_stock": "56.0000", "initial_side_rock_stock": "67.0000", "main_rock_production": "785.0000", "side_rock_production": "6.0000", "total_main_rock": "34.0000", "total_side_rock": "3454.0000", "main_rock_submission": "54.0000", "side_rock_submission": "54.0000", "final_main_rock_stock": "54.0000", "final_side_rock_stock": "54.0000", "created_at": "2020-10-19T15:47:54.801Z", "updated_at": "2020-10-19T15:47:54.801Z"}}, {"model": "quarry.salessubmission", "pk": 1, "fields": {"crusher_amount": "562.0000", "crusher_worth": "5.00", "dust_amount": "5.0000", "dust_worth": "5.00", "waste_amount": "6.0000", "waste_worth": "5.00", "inch_1_8_amount": "5.0000", "inch_1_8_worth": "5.00", "inch_3_8_amount": "5.0000", "inch_3_8_worth": "5.00", "inch_5_8_amount": "5.0000", "inch_5_8_worth": "6.00", "inch_3_4_amount": "7.0000", "inch_3_4_worth": "2.00", "inch_1_amount": "8.0000", "inch_1_worth": "8.00", "inch_1_1_2_amount": "9.0000", "inch_1_1_2_worth": "5.00", "inch_2_amount": "1.0000", "inch_2_worth": "2.00", "inch_3x5_amount": "3.0000", "inch_3x5_worth": "4.00", "inch_6x9_amount": "5.0000", "inch_6x9_worth": "8.00", "block_amount": "4.0000", "block_worth": "5.00", "created_at": "2020-10-17T07:29:05.009Z", "updated_at": "2020-10-17T07:29:05.009Z"}}, {"model": "quarry.salessubmission", "pk": 2, "fields": {"crusher_amount": "6.0000", "crusher_worth": "5.00", "dust_amount": "6.0000", "dust_worth": "5.00", "waste_amount": "5.0000", "waste_worth": "4.00", "inch_1_8_amount": "5.0000", "inch_1_8_worth": "4.00", "inch_3_8_amount": "5.0000", "inch_3_8_worth": "5.00", "inch_5_8_amount": "4.0000", "inch_5_8_worth": "9.00", "inch_3_4_amount": "8.0000", "inch_3_4_worth": "7.00", "inch_1_amount": "8.0000", "inch_1_worth": "7.00", "inch_1_1_2_amount": "7.0000", "inch_1_1_2_worth": "4.00", "inch_2_amount": "6.0000", "inch_2_worth": "5.00", "inch_3x5_amount": "4.0000", "inch_3x5_worth": "2.00", "inch_6x9_amount": "3.0000", "inch_6x9_worth": "1.00", "block_amount": "0.0000", "block_worth": "5.00", "created_at": "2020-10-17T15:32:34.468Z", "updated_at": "2020-10-19T15:49:50.745Z"}}, {"model": "quarry.salessubmission", "pk": 3, "fields": {"crusher_amount": "9.0000", "crusher_worth": "7.00", "dust_amount": "8.0000", "dust_worth": "5.00", "waste_amount": "4.0000", "waste_worth": "2.00", "inch_1_8_amount": "3.0000", "inch_1_8_worth": "6.00", "inch_3_8_amount": "4.0000", "inch_3_8_worth": "5.00", "inch_5_8_amount": "7.0000", "inch_5_8_worth": "5.00", "inch_3_4_amount": "7.0000", "inch_3_4_worth": "4.00", "inch_1_amount": "5.0000", "inch_1_worth": "4.00", "inch_1_1_2_amount": "5.0000", "inch_1_1_2_worth": "4.00", "inch_2_amount": "6.0000", "inch_2_worth": "5.00", "inch_3x5_amount": "1.0000", "inch_3x5_worth": "2.00", "inch_6x9_amount": "3.0000", "inch_6x9_worth": "1.00", "block_amount": "2.0000", "block_worth": "8.00", "created_at": "2020-10-18T16:52:48.063Z", "updated_at": "2020-10-18T16:52:48.063Z"}}, {"model": "quarry.salessubmission", "pk": 4, "fields": {"crusher_amount": "345.0000", "crusher_worth": "456.00", "dust_amount": "5.0000", "dust_worth": "675.00", "waste_amount": "6.0000", "waste_worth": "456.00", "inch_1_8_amount": "456.0000", "inch_1_8_worth": "456.00", "inch_3_8_amount": "456.0000", "inch_3_8_worth": "456.00", "inch_5_8_amount": "567.0000", "inch_5_8_worth": "567.00", "inch_3_4_amount": "567.0000", "inch_3_4_worth": "5.00", "inch_1_amount": "67.0000", "inch_1_worth": "56.00", "inch_1_1_2_amount": "56.0000", "inch_1_1_2_worth": "75.00", "inch_2_amount": "6.0000", "inch_2_worth": "567.00", "inch_3x5_amount": "567.0000", "inch_3x5_worth": "56.00", "inch_6x9_amount": "567.0000", "inch_6x9_worth": "567.00", "block_amount": "567.0000", "block_worth": "67.00", "created_at": "2020-10-19T15:33:36.296Z", "updated_at": "2020-10-19T15:33:36.296Z"}}, {"model": "quarry.salessubmission", "pk": 5, "fields": {"crusher_amount": "7.0000", "crusher_worth": "97.00", "dust_amount": "97.0000", "dust_worth": "97.00", "waste_amount": "979.0000", "waste_worth": "7.00", "inch_1_8_amount": "979.0000", "inch_1_8_worth": "79.00", "inch_3_8_amount": "79.0000", "inch_3_8_worth": "79.00", "inch_5_8_amount": "79.0000", "inch_5_8_worth": "79.00", "inch_3_4_amount": "79.0000", "inch_3_4_worth": "79.00", "inch_1_amount": "79.0000", "inch_1_worth": "79.00", "inch_1_1_2_amount": "79.0000", "inch_1_1_2_worth": "79.00", "inch_2_amount": "79.0000", "inch_2_worth": "7.00", "inch_3x5_amount": "97.0000", "inch_3x5_worth": "979.00", "inch_6x9_amount": "7.0000", "inch_6x9_worth": "97.00", "block_amount": "97.0000", "block_worth": "97.00", "created_at": "2020-10-19T15:38:46.648Z", "updated_at": "2020-10-19T15:38:46.648Z"}}, {"model": "quarry.salessubmission", "pk": 6, "fields": {"crusher_amount": "2.0000", "crusher_worth": "344.00", "dust_amount": "5.0000", "dust_worth": "56.00", "waste_amount": "565.0000", "waste_worth": "64.00", "inch_1_8_amount": "54.0000", "inch_1_8_worth": "54.00", "inch_3_8_amount": "5.0000", "inch_3_8_worth": "45.00", "inch_5_8_amount": "45.0000", "inch_5_8_worth": "454.00", "inch_3_4_amount": "5.0000", "inch_3_4_worth": "5.00", "inch_1_amount": "5.0000", "inch_1_worth": "5.00", "inch_1_1_2_amount": "5.0000", "inch_1_1_2_worth": "45.00", "inch_2_amount": "45.0000", "inch_2_worth": "55.00", "inch_3x5_amount": "5.0000", "inch_3x5_worth": "6.00", "inch_6x9_amount": "56.0000", "inch_6x9_worth": "54.00", "block_amount": "5.0000", "block_worth": "45.00", "created_at": "2020-10-19T15:40:40.621Z", "updated_at": "2020-10-19T15:40:40.621Z"}}, {"model": "quarry.salessubmission", "pk": 7, "fields": {"crusher_amount": "7.0000", "crusher_worth": "97.00", "dust_amount": "97.0000", "dust_worth": "979.00", "waste_amount": "79.0000", "waste_worth": "7.00", "inch_1_8_amount": "97.0000", "inch_1_8_worth": "979.00", "inch_3_8_amount": "7.0000", "inch_3_8_worth": "97.00", "inch_5_8_amount": "97.0000", "inch_5_8_worth": "97.00", "inch_3_4_amount": "97.0000", "inch_3_4_worth": "97.00", "inch_1_amount": "97.0000", "inch_1_worth": "97.00", "inch_1_1_2_amount": "979.0000", "inch_1_1_2_worth": "79.00", "inch_2_amount": "79.0000", "inch_2_worth": "79.00", "inch_3x5_amount": "7.0000", "inch_3x5_worth": "97.00", "inch_6x9_amount": "97.0000", "inch_6x9_worth": "979.00", "block_amount": "9.0000", "block_worth": "79.00", "created_at": "2020-10-19T15:41:49.478Z", "updated_at": "2020-10-19T15:41:49.478Z"}}, {"model": "quarry.salessubmission", "pk": 8, "fields": {"crusher_amount": "797.0000", "crusher_worth": "79.00", "dust_amount": "79.0000", "dust_worth": "79.00", "waste_amount": "797.0000", "waste_worth": "97.00", "inch_1_8_amount": "9.0000", "inch_1_8_worth": "7.00", "inch_3_8_amount": "97.0000", "inch_3_8_worth": "97.00", "inch_5_8_amount": "97.0000", "inch_5_8_worth": "97.00", "inch_3_4_amount": "97.0000", "inch_3_4_worth": "97.00", "inch_1_amount": "9.0000", "inch_1_worth": "79.00", "inch_1_1_2_amount": "79.0000", "inch_1_1_2_worth": "79.00", "inch_2_amount": "79.0000", "inch_2_worth": "79.00", "inch_3x5_amount": "79.0000", "inch_3x5_worth": "79.00", "inch_6x9_amount": "79.0000", "inch_6x9_worth": "7.00", "block_amount": "97.0000", "block_worth": "97.00", "created_at": "2020-10-19T15:44:36.389Z", "updated_at": "2020-10-19T15:44:36.389Z"}}, {"model": "quarry.salessubmission", "pk": 9, "fields": {"crusher_amount": "345.0000", "crusher_worth": "56.00", "dust_amount": "676.0000", "dust_worth": "765.00", "waste_amount": "5.0000", "waste_worth": "65.00", "inch_1_8_amount": "852.0000", "inch_1_8_worth": "564.00", "inch_3_8_amount": "54.0000", "inch_3_8_worth": "54.00", "inch_5_8_amount": "4.0000", "inch_5_8_worth": "9852.00", "inch_3_4_amount": "5.0000", "inch_3_4_worth": "5965.00", "inch_1_amount": "65.0000", "inch_1_worth": "56.00", "inch_1_1_2_amount": "5.0000", "inch_1_1_2_worth": "56.00", "inch_2_amount": "5.0000", "inch_2_worth": "5.00", "inch_3x5_amount": "656.0000", "inch_3x5_worth": "5.00", "inch_6x9_amount": "65.0000", "inch_6x9_worth": "5.00", "block_amount": "65.0000", "block_worth": "56.00", "created_at": "2020-10-19T15:44:54.683Z", "updated_at": "2020-10-19T15:44:54.683Z"}}, {"model": "quarry.salessubmission", "pk": 10, "fields": {"crusher_amount": "97.0000", "crusher_worth": "97.00", "dust_amount": "97.0000", "dust_worth": "97.00", "waste_amount": "97.0000", "waste_worth": "97.00", "inch_1_8_amount": "9.0000", "inch_1_8_worth": "79.00", "inch_3_8_amount": "79.0000", "inch_3_8_worth": "79.00", "inch_5_8_amount": "79.0000", "inch_5_8_worth": "79.00", "inch_3_4_amount": "79.0000", "inch_3_4_worth": "79.00", "inch_1_amount": "79.0000", "inch_1_worth": "79.00", "inch_1_1_2_amount": "79.0000", "inch_1_1_2_worth": "79.00", "inch_2_amount": "79.0000", "inch_2_worth": "79.00", "inch_3x5_amount": "79.0000", "inch_3x5_worth": "79.00", "inch_6x9_amount": "79.0000", "inch_6x9_worth": "79.00", "block_amount": "79.0000", "block_worth": "79.00", "created_at": "2020-10-19T15:47:52.835Z", "updated_at": "2020-10-19T15:47:52.835Z"}}, {"model": "quarry.salessubmission", "pk": 11, "fields": {"crusher_amount": "56.0000", "crusher_worth": "789.00", "dust_amount": "78.0000", "dust_worth": "564.00", "waste_amount": "564.0000", "waste_worth": "566.00", "inch_1_8_amount": "77.0000", "inch_1_8_worth": "86.00", "inch_3_8_amount": "7.0000", "inch_3_8_worth": "67.00", "inch_5_8_amount": "6.0000", "inch_5_8_worth": "66.00", "inch_3_4_amount": "76.0000", "inch_3_4_worth": "6.00", "inch_1_amount": "6.0000", "inch_1_worth": "6.00", "inch_1_1_2_amount": "6.0000", "inch_1_1_2_worth": "6.00", "inch_2_amount": "6.0000", "inch_2_worth": "6.00", "inch_3x5_amount": "5.0000", "inch_3x5_worth": "67.00", "inch_6x9_amount": "2.0000", "inch_6x9_worth": "8.00", "block_amount": "8.0000", "block_worth": "6.00", "created_at": "2020-10-19T15:48:07.797Z", "updated_at": "2020-10-19T15:48:07.797Z"}}, {"model": "quarry.localfinaluses", "pk": 1, "fields": {"construction_amount": "8.0000", "construction_worth": "4.00", "dimension_stone_amount": "5.0000", "dimension_stone_worth": "4.00", "cement_making_amount": "2.0000", "cement_making_worth": "5.00", "quicklime_amount": "5.0000", "quicklime_worth": "5.00", "calcium_carbonate_powder_amount": "5.0000", "calcium_carbonate_powder_worth": "2.00", "premix_amount": "5.0000", "premix_worth": "5.00", "ready_mix_concrete_amount": "0.0000", "ready_mix_concrete_worth": "2.00", "fertilizer_amount": "51.0000", "fertilizer_worth": "5.00", "steel_amount": "8.0000", "steel_worth": "8.00", "hydrated_lime_amount": "2.0000", "hydrated_lime_worth": "5.00", "dolomite_powder_amount": "2.0000", "dolomite_powder_worth": "5.00", "terrazo_amount": "8.0000", "terrazo_worth": "9.00", "other_amount": "6.0000", "other_worth": "1.00", "state_other": "", "created_at": "2020-10-17T07:29:41.751Z", "updated_at": "2020-10-17T07:29:41.751Z"}}, {"model": "quarry.localfinaluses", "pk": 2, "fields": {"construction_amount": "4.0000", "construction_worth": "5.00", "dimension_stone_amount": "4.0000", "dimension_stone_worth": "5.00", "cement_making_amount": "4.0000", "cement_making_worth": "5.00", "quicklime_amount": "2.0000", "quicklime_worth": "1.00", "calcium_carbonate_powder_amount": "5.0000", "calcium_carbonate_powder_worth": "5.00", "premix_amount": "1.0000", "premix_worth": "3.00", "ready_mix_concrete_amount": "2.0000", "ready_mix_concrete_worth": "1.00", "fertilizer_amount": "2.0000", "fertilizer_worth": "1.00", "steel_amount": "5.0000", "steel_worth": "4.00", "hydrated_lime_amount": "2.0000", "hydrated_lime_worth": "4.00", "dolomite_powder_amount": "2.0000", "dolomite_powder_worth": "0.00", "terrazo_amount": "5.0000", "terrazo_worth": "4.00", "other_amount": "4.0000", "other_worth": "5.00", "state_other": "", "created_at": "2020-10-17T15:33:13.542Z", "updated_at": "2020-10-19T15:49:54.084Z"}}, {"model": "quarry.localfinaluses", "pk": 3, "fields": {"construction_amount": "8.0000", "construction_worth": "9.00", "dimension_stone_amount": "7.0000", "dimension_stone_worth": "4.00", "cement_making_amount": "0.0000", "cement_making_worth": "2.00", "quicklime_amount": "6.0000", "quicklime_worth": "1.00", "calcium_carbonate_powder_amount": "5.0000", "calcium_carbonate_powder_worth": "7.00", "premix_amount": "6.0000", "premix_worth": "5.00", "ready_mix_concrete_amount": "21.0000", "ready_mix_concrete_worth": "5.00", "fertilizer_amount": "6.0000", "fertilizer_worth": "5.00", "steel_amount": "6.0000", "steel_worth": "5.00", "hydrated_lime_amount": "6.0000", "hydrated_lime_worth": "1.00", "dolomite_powder_amount": "2.0000", "dolomite_powder_worth": "1.00", "terrazo_amount": "4.0000", "terrazo_worth": "5.00", "other_amount": "65.0000", "other_worth": "4.00", "state_other": "465465", "created_at": "2020-10-18T16:53:29.831Z", "updated_at": "2020-10-18T16:53:29.831Z"}}, {"model": "quarry.localfinaluses", "pk": 4, "fields": {"construction_amount": "345.0000", "construction_worth": "67.00", "dimension_stone_amount": "534.0000", "dimension_stone_worth": "54.00", "cement_making_amount": "67.0000", "cement_making_worth": "89.00", "quicklime_amount": "345.0000", "quicklime_worth": "345.00", "calcium_carbonate_powder_amount": "678.0000", "calcium_carbonate_powder_worth": "789.00", "premix_amount": "84756987.0000", "premix_worth": "895768977.00", "ready_mix_concrete_amount": "43.0000", "ready_mix_concrete_worth": "4567.00", "fertilizer_amount": "567.0000", "fertilizer_worth": "567.00", "steel_amount": "676.0000", "steel_worth": "7.00", "hydrated_lime_amount": "67.0000", "hydrated_lime_worth": "67.00", "dolomite_powder_amount": "7.0000", "dolomite_powder_worth": "67.00", "terrazo_amount": "678.0000", "terrazo_worth": "67.00", "other_amount": "67.0000", "other_worth": "78.00", "state_other": "", "created_at": "2020-10-19T15:34:15.844Z", "updated_at": "2020-10-19T15:34:15.844Z"}}, {"model": "quarry.localfinaluses", "pk": 5, "fields": {"construction_amount": "7.0000", "construction_worth": "97.00", "dimension_stone_amount": "97.0000", "dimension_stone_worth": "97.00", "cement_making_amount": "97.0000", "cement_making_worth": "9.00", "quicklime_amount": "79.0000", "quicklime_worth": "79.00", "calcium_carbonate_powder_amount": "79.0000", "calcium_carbonate_powder_worth": "79.00", "premix_amount": "79.0000", "premix_worth": "79.00", "ready_mix_concrete_amount": "79.0000", "ready_mix_concrete_worth": "79.00", "fertilizer_amount": "79.0000", "fertilizer_worth": "7.00", "steel_amount": "979.0000", "steel_worth": "7.00", "hydrated_lime_amount": "7.0000", "hydrated_lime_worth": "979.00", "dolomite_powder_amount": "97.0000", "dolomite_powder_worth": "97.00", "terrazo_amount": "97.0000", "terrazo_worth": "97.00", "other_amount": "9.0000", "other_worth": "79.00", "state_other": "79", "created_at": "2020-10-19T15:39:01.427Z", "updated_at": "2020-10-19T15:39:01.427Z"}}, {"model": "quarry.localfinaluses", "pk": 6, "fields": {"construction_amount": "234.0000", "construction_worth": "455.00", "dimension_stone_amount": "456.0000", "dimension_stone_worth": "564.00", "cement_making_amount": "8.0000", "cement_making_worth": "78.00", "quicklime_amount": "56.0000", "quicklime_worth": "45.00", "calcium_carbonate_powder_amount": "2343.0000", "calcium_carbonate_powder_worth": "44.00", "premix_amount": "56.0000", "premix_worth": "45.00", "ready_mix_concrete_amount": "45.0000", "ready_mix_concrete_worth": "454.00", "fertilizer_amount": "67.0000", "fertilizer_worth": "675.00", "steel_amount": "67.0000", "steel_worth": "67.00", "hydrated_lime_amount": "6.0000", "hydrated_lime_worth": "56.00", "dolomite_powder_amount": "56.0000", "dolomite_powder_worth": "56.00", "terrazo_amount": "565.0000", "terrazo_worth": "455.00", "other_amount": "65.0000", "other_worth": "65.00", "state_other": "", "created_at": "2020-10-19T15:41:01.524Z", "updated_at": "2020-10-19T15:41:01.524Z"}}, {"model": "quarry.localfinaluses", "pk": 7, "fields": {"construction_amount": "7.0000", "construction_worth": "97.00", "dimension_stone_amount": "979.0000", "dimension_stone_worth": "79.00", "cement_making_amount": "79.0000", "cement_making_worth": "79.00", "quicklime_amount": "79.0000", "quicklime_worth": "79.00", "calcium_carbonate_powder_amount": "97.0000", "calcium_carbonate_powder_worth": "97.00", "premix_amount": "97.0000", "premix_worth": "97.00", "ready_mix_concrete_amount": "97.0000", "ready_mix_concrete_worth": "97.00", "fertilizer_amount": "97.0000", "fertilizer_worth": "97.00", "steel_amount": "79.0000", "steel_worth": "79.00", "hydrated_lime_amount": "79.0000", "hydrated_lime_worth": "79.00", "dolomite_powder_amount": "79.0000", "dolomite_powder_worth": "79.00", "terrazo_amount": "97.0000", "terrazo_worth": "97.00", "other_amount": "97.0000", "other_worth": "97.00", "state_other": "", "created_at": "2020-10-19T15:42:04.740Z", "updated_at": "2020-10-19T15:42:04.740Z"}}, {"model": "quarry.localfinaluses", "pk": 8, "fields": {"construction_amount": "79.0000", "construction_worth": "7.00", "dimension_stone_amount": "97.0000", "dimension_stone_worth": "97.00", "cement_making_amount": "79.0000", "cement_making_worth": "79.00", "quicklime_amount": "7.0000", "quicklime_worth": "979.00", "calcium_carbonate_powder_amount": "79.0000", "calcium_carbonate_powder_worth": "79.00", "premix_amount": "97.0000", "premix_worth": "97.00", "ready_mix_concrete_amount": "97.0000", "ready_mix_concrete_worth": "97.00", "fertilizer_amount": "9.0000", "fertilizer_worth": "79.00", "steel_amount": "79.0000", "steel_worth": "79.00", "hydrated_lime_amount": "79.0000", "hydrated_lime_worth": "79.00", "dolomite_powder_amount": "7.0000", "dolomite_powder_worth": "97.00", "terrazo_amount": "97.0000", "terrazo_worth": "97.00", "other_amount": "979.0000", "other_worth": "79.00", "state_other": "", "created_at": "2020-10-19T15:44:54.088Z", "updated_at": "2020-10-19T15:44:54.088Z"}}, {"model": "quarry.localfinaluses", "pk": 9, "fields": {"construction_amount": "75.0000", "construction_worth": "5.00", "dimension_stone_amount": "55.0000", "dimension_stone_worth": "5.00", "cement_making_amount": "66.0000", "cement_making_worth": "5.00", "quicklime_amount": "5.0000", "quicklime_worth": "56.00", "calcium_carbonate_powder_amount": "78.0000", "calcium_carbonate_powder_worth": "4.00", "premix_amount": "33.0000", "premix_worth": "44.00", "ready_mix_concrete_amount": "4.0000", "ready_mix_concrete_worth": "52.00", "fertilizer_amount": "52.0000", "fertilizer_worth": "52.00", "steel_amount": "5.0000", "steel_worth": "5.00", "hydrated_lime_amount": "56.0000", "hydrated_lime_worth": "52.00", "dolomite_powder_amount": "126.0000", "dolomite_powder_worth": "6.00", "terrazo_amount": "65.0000", "terrazo_worth": "2.00", "other_amount": "652.0000", "other_worth": "5252.00", "state_other": "", "created_at": "2020-10-19T15:45:26.329Z", "updated_at": "2020-10-19T15:45:26.329Z"}}, {"model": "quarry.localfinaluses", "pk": 10, "fields": {"construction_amount": "7.0000", "construction_worth": "97.00", "dimension_stone_amount": "79.0000", "dimension_stone_worth": "79.00", "cement_making_amount": "97.0000", "cement_making_worth": "97.00", "quicklime_amount": "79.0000", "quicklime_worth": "79.00", "calcium_carbonate_powder_amount": "79.0000", "calcium_carbonate_powder_worth": "79.00", "premix_amount": "97.0000", "premix_worth": "97.00", "ready_mix_concrete_amount": "9.0000", "ready_mix_concrete_worth": "79.00", "fertilizer_amount": "79.0000", "fertilizer_worth": "79.00", "steel_amount": "97.0000", "steel_worth": "97.00", "hydrated_lime_amount": "97.0000", "hydrated_lime_worth": "97.00", "dolomite_powder_amount": "79.0000", "dolomite_powder_worth": "79.00", "terrazo_amount": "7.0000", "terrazo_worth": "97.00", "other_amount": "97.0000", "other_worth": "97.00", "state_other": "979", "created_at": "2020-10-19T15:48:10.622Z", "updated_at": "2020-10-19T15:48:10.622Z"}}, {"model": "quarry.localfinaluses", "pk": 11, "fields": {"construction_amount": "67.0000", "construction_worth": "678.00", "dimension_stone_amount": "45.0000", "dimension_stone_worth": "34.00", "cement_making_amount": "78.0000", "cement_making_worth": "5.00", "quicklime_amount": "7.0000", "quicklime_worth": "53.00", "calcium_carbonate_powder_amount": "6.0000", "calcium_carbonate_powder_worth": "4.00", "premix_amount": "78.0000", "premix_worth": "56.00", "ready_mix_concrete_amount": "56.0000", "ready_mix_concrete_worth": "45.00", "fertilizer_amount": "45.0000", "fertilizer_worth": "566.00", "steel_amount": "6.0000", "steel_worth": "5.00", "hydrated_lime_amount": "5.0000", "hydrated_lime_worth": "656.00", "dolomite_powder_amount": "5.0000", "dolomite_powder_worth": "64.00", "terrazo_amount": "45.0000", "terrazo_worth": "45.00", "other_amount": "45.0000", "other_worth": "45.00", "state_other": "", "created_at": "2020-10-19T15:48:27.140Z", "updated_at": "2020-10-19T15:48:27.140Z"}}, {"model": "quarry.exportfinaluses", "pk": 1, "fields": {"construction_amount": "5.0000", "construction_worth": "5.00", "dimension_stone_amount": "5.0000", "dimension_stone_worth": "1.00", "cement_making_amount": "5.0000", "cement_making_worth": "5.00", "quicklime_amount": "8.0000", "quicklime_worth": "8.00", "calcium_carbonate_powder_amount": "55.0000", "calcium_carbonate_powder_worth": "5.00", "premix_amount": "5.0000", "premix_worth": "5.00", "ready_mix_concrete_amount": "5.0000", "ready_mix_concrete_worth": "6.00", "fertilizer_amount": "9.0000", "fertilizer_worth": "8.00", "steel_amount": "58.0000", "steel_worth": "5.00", "hydrated_lime_amount": "4.0000", "hydrated_lime_worth": "6.00", "dolomite_powder_amount": "5.0000", "dolomite_powder_worth": "7.00", "terrazo_amount": "4.0000", "terrazo_worth": "5.00", "other_amount": "2.0000", "other_worth": "6.00", "state_other": "", "created_at": "2020-10-17T07:29:42.020Z", "updated_at": "2020-10-17T07:29:42.020Z"}}, {"model": "quarry.exportfinaluses", "pk": 2, "fields": {"construction_amount": "6.0000", "construction_worth": "5.00", "dimension_stone_amount": "56.0000", "dimension_stone_worth": "5.00", "cement_making_amount": "6.0000", "cement_making_worth": "3.00", "quicklime_amount": "5.0000", "quicklime_worth": "6.00", "calcium_carbonate_powder_amount": "6.0000", "calcium_carbonate_powder_worth": "4.00", "premix_amount": "2.0000", "premix_worth": "1.00", "ready_mix_concrete_amount": "2.0000", "ready_mix_concrete_worth": "3.00", "fertilizer_amount": "2.0000", "fertilizer_worth": "1.00", "steel_amount": "5.0000", "steel_worth": "1.00", "hydrated_lime_amount": "6.0000", "hydrated_lime_worth": "1.00", "dolomite_powder_amount": "3.0000", "dolomite_powder_worth": "6.00", "terrazo_amount": "5.0000", "terrazo_worth": "6.00", "other_amount": "6.0000", "other_worth": "5.00", "state_other": "", "created_at": "2020-10-17T15:33:13.731Z", "updated_at": "2020-10-19T15:49:54.190Z"}}, {"model": "quarry.exportfinaluses", "pk": 3, "fields": {"construction_amount": "7.0000", "construction_worth": "8.00", "dimension_stone_amount": "5.0000", "dimension_stone_worth": "3.00", "cement_making_amount": "5.0000", "cement_making_worth": "4.00", "quicklime_amount": "2.0000", "quicklime_worth": "3.00", "calcium_carbonate_powder_amount": "9.0000", "calcium_carbonate_powder_worth": "4.00", "premix_amount": "8.0000", "premix_worth": "4.00", "ready_mix_concrete_amount": "7.0000", "ready_mix_concrete_worth": "8.00", "fertilizer_amount": "4.0000", "fertilizer_worth": "2.00", "steel_amount": "4.0000", "steel_worth": "5.00", "hydrated_lime_amount": "3.0000", "hydrated_lime_worth": "0.00", "dolomite_powder_amount": "0.0000", "dolomite_powder_worth": "2.00", "terrazo_amount": "6.0000", "terrazo_worth": "7.00", "other_amount": "654684.0000", "other_worth": "65465.00", "state_other": "4", "created_at": "2020-10-18T16:53:29.989Z", "updated_at": "2020-10-18T16:53:29.989Z"}}, {"model": "quarry.exportfinaluses", "pk": 4, "fields": {"construction_amount": "675.0000", "construction_worth": "6734.00", "dimension_stone_amount": "565.0000", "dimension_stone_worth": "67.00", "cement_making_amount": "678.0000", "cement_making_worth": "456.00", "quicklime_amount": "456.0000", "quicklime_worth": "56.00", "calcium_carbonate_powder_amount": "67.0000", "calcium_carbonate_powder_worth": "567.00", "premix_amount": "89576897.0000", "premix_worth": "895768978.00", "ready_mix_concrete_amount": "567.0000", "ready_mix_concrete_worth": "567.00", "fertilizer_amount": "567.0000", "fertilizer_worth": "67.00", "steel_amount": "676.0000", "steel_worth": "7.00", "hydrated_lime_amount": "676.0000", "hydrated_lime_worth": "76.00", "dolomite_powder_amount": "67.0000", "dolomite_powder_worth": "67.00", "terrazo_amount": "67.0000", "terrazo_worth": "678.00", "other_amount": "78.0000", "other_worth": "787.00", "state_other": "", "created_at": "2020-10-19T15:34:15.935Z", "updated_at": "2020-10-19T15:34:15.935Z"}}, {"model": "quarry.exportfinaluses", "pk": 5, "fields": {"construction_amount": "97.0000", "construction_worth": "97.00", "dimension_stone_amount": "97.0000", "dimension_stone_worth": "97.00", "cement_making_amount": "79.0000", "cement_making_worth": "79.00", "quicklime_amount": "79.0000", "quicklime_worth": "79.00", "calcium_carbonate_powder_amount": "79.0000", "calcium_carbonate_powder_worth": "79.00", "premix_amount": "79.0000", "premix_worth": "79.00", "ready_mix_concrete_amount": "79.0000", "ready_mix_concrete_worth": "79.00", "fertilizer_amount": "97.0000", "fertilizer_worth": "97.00", "steel_amount": "97.0000", "steel_worth": "979.00", "hydrated_lime_amount": "79.0000", "hydrated_lime_worth": "7.00", "dolomite_powder_amount": "97.0000", "dolomite_powder_worth": "97.00", "terrazo_amount": "97.0000", "terrazo_worth": "97.00", "other_amount": "79.0000", "other_worth": "79.00", "state_other": "79", "created_at": "2020-10-19T15:39:01.549Z", "updated_at": "2020-10-19T15:39:01.549Z"}}, {"model": "quarry.exportfinaluses", "pk": 6, "fields": {"construction_amount": "65.0000", "construction_worth": "6.00", "dimension_stone_amount": "566.0000", "dimension_stone_worth": "77.00", "cement_making_amount": "78.0000", "cement_making_worth": "56.00", "quicklime_amount": "45.0000", "quicklime_worth": "34.00", "calcium_carbonate_powder_amount": "5.0000", "calcium_carbonate_powder_worth": "45.00", "premix_amount": "45.0000", "premix_worth": "45.00", "ready_mix_concrete_amount": "55.0000", "ready_mix_concrete_worth": "6.00", "fertilizer_amount": "6.0000", "fertilizer_worth": "6.00", "steel_amount": "6.0000", "steel_worth": "65.00", "hydrated_lime_amount": "56.0000", "hydrated_lime_worth": "56.00", "dolomite_powder_amount": "56.0000", "dolomite_powder_worth": "56.00", "terrazo_amount": "65.0000", "terrazo_worth": "65.00", "other_amount": "65.0000", "other_worth": "656.00", "state_other": "", "created_at": "2020-10-19T15:41:01.634Z", "updated_at": "2020-10-19T15:41:01.634Z"}}, {"model": "quarry.exportfinaluses", "pk": 7, "fields": {"construction_amount": "9.0000", "construction_worth": "97.00", "dimension_stone_amount": "79.0000", "dimension_stone_worth": "79.00", "cement_making_amount": "79.0000", "cement_making_worth": "79.00", "quicklime_amount": "7.0000", "quicklime_worth": "97.00", "calcium_carbonate_powder_amount": "97.0000", "calcium_carbonate_powder_worth": "97.00", "premix_amount": "97.0000", "premix_worth": "97.00", "ready_mix_concrete_amount": "97.0000", "ready_mix_concrete_worth": "97.00", "fertilizer_amount": "9.0000", "fertilizer_worth": "79.00", "steel_amount": "79.0000", "steel_worth": "79.00", "hydrated_lime_amount": "79.0000", "hydrated_lime_worth": "79.00", "dolomite_powder_amount": "7.0000", "dolomite_powder_worth": "97.00", "terrazo_amount": "97.0000", "terrazo_worth": "97.00", "other_amount": "97.0000", "other_worth": "97.00", "state_other": "97", "created_at": "2020-10-19T15:42:04.825Z", "updated_at": "2020-10-19T15:42:04.825Z"}}, {"model": "quarry.exportfinaluses", "pk": 8, "fields": {"construction_amount": "97.0000", "construction_worth": "97.00", "dimension_stone_amount": "979.0000", "dimension_stone_worth": "79.00", "cement_making_amount": "79.0000", "cement_making_worth": "79.00", "quicklime_amount": "79.0000", "quicklime_worth": "79.00", "calcium_carbonate_powder_amount": "7.0000", "calcium_carbonate_powder_worth": "97.00", "premix_amount": "97.0000", "premix_worth": "97.00", "ready_mix_concrete_amount": "97.0000", "ready_mix_concrete_worth": "97.00", "fertilizer_amount": "79.0000", "fertilizer_worth": "79.00", "steel_amount": "79.0000", "steel_worth": "79.00", "hydrated_lime_amount": "79.0000", "hydrated_lime_worth": "79.00", "dolomite_powder_amount": "97.0000", "dolomite_powder_worth": "97.00", "terrazo_amount": "97.0000", "terrazo_worth": "9.00", "other_amount": "79.0000", "other_worth": "7.00", "state_other": "", "created_at": "2020-10-19T15:44:54.184Z", "updated_at": "2020-10-19T15:44:54.184Z"}}, {"model": "quarry.exportfinaluses", "pk": 9, "fields": {"construction_amount": "52.0000", "construction_worth": "52.00", "dimension_stone_amount": "5.0000", "dimension_stone_worth": "5.00", "cement_making_amount": "5.0000", "cement_making_worth": "5.00", "quicklime_amount": "76.0000", "quicklime_worth": "5.00", "calcium_carbonate_powder_amount": "34.0000", "calcium_carbonate_powder_worth": "3.00", "premix_amount": "4.0000", "premix_worth": "54.00", "ready_mix_concrete_amount": "5.0000", "ready_mix_concrete_worth": "565.00", "fertilizer_amount": "4.0000", "fertilizer_worth": "55.00", "steel_amount": "2.0000", "steel_worth": "62.00", "hydrated_lime_amount": "52.0000", "hydrated_lime_worth": "252.00", "dolomite_powder_amount": "54.0000", "dolomite_powder_worth": "26.00", "terrazo_amount": "25.0000", "terrazo_worth": "52.00", "other_amount": "55.0000", "other_worth": "2.00", "state_other": "", "created_at": "2020-10-19T15:45:26.415Z", "updated_at": "2020-10-19T15:45:26.415Z"}}, {"model": "quarry.exportfinaluses", "pk": 10, "fields": {"construction_amount": "979.0000", "construction_worth": "79.00", "dimension_stone_amount": "7.0000", "dimension_stone_worth": "97.00", "cement_making_amount": "97.0000", "cement_making_worth": "9.00", "quicklime_amount": "79.0000", "quicklime_worth": "79.00", "calcium_carbonate_powder_amount": "7.0000", "calcium_carbonate_powder_worth": "97.00", "premix_amount": "97.0000", "premix_worth": "97.00", "ready_mix_concrete_amount": "79.0000", "ready_mix_concrete_worth": "79.00", "fertilizer_amount": "79.0000", "fertilizer_worth": "7.00", "steel_amount": "97.0000", "steel_worth": "97.00", "hydrated_lime_amount": "97.0000", "hydrated_lime_worth": "979.00", "dolomite_powder_amount": "79.0000", "dolomite_powder_worth": "79.00", "terrazo_amount": "9.0000", "terrazo_worth": "77.00", "other_amount": "979.0000", "other_worth": "797.00", "state_other": "", "created_at": "2020-10-19T15:48:10.718Z", "updated_at": "2020-10-19T15:48:10.718Z"}}, {"model": "quarry.exportfinaluses", "pk": 11, "fields": {"construction_amount": "78.0000", "construction_worth": "56.00", "dimension_stone_amount": "3456.0000", "dimension_stone_worth": "67.00", "cement_making_amount": "6.0000", "cement_making_worth": "56.00", "quicklime_amount": "44.0000", "quicklime_worth": "55.00", "calcium_carbonate_powder_amount": "5.0000", "calcium_carbonate_powder_worth": "456.00", "premix_amount": "56.0000", "premix_worth": "56.00", "ready_mix_concrete_amount": "45.0000", "ready_mix_concrete_worth": "45.00", "fertilizer_amount": "76.0000", "fertilizer_worth": "75.00", "steel_amount": "565.0000", "steel_worth": "66.00", "hydrated_lime_amount": "56.0000", "hydrated_lime_worth": "676.00", "dolomite_powder_amount": "5.0000", "dolomite_powder_worth": "45.00", "terrazo_amount": "45.0000", "terrazo_worth": "45.00", "other_amount": "45.0000", "other_worth": "55.00", "state_other": "", "created_at": "2020-10-19T15:48:27.259Z", "updated_at": "2020-10-19T15:48:27.259Z"}}, {"model": "quarry.localoperator", "pk": 1, "fields": {"male_manager": 1, "female_manager": 2, "male_professional": 5, "female_professional": 4, "male_technical": 5, "female_technical": 4, "male_clerk": 4, "female_clerk": 5, "male_labor": 4, "female_labor": 5, "total_female": 3, "total_male": 2, "total_male_salary": "7.00", "total_female_salary": "5.00", "male_man_hour": 5, "female_man_hour": 5, "created_at": "2020-10-17T07:30:06.615Z", "updated_at": "2020-10-17T07:30:06.615Z"}}, {"model": "quarry.localoperator", "pk": 2, "fields": {"male_manager": 4, "female_manager": 65, "male_professional": 1, "female_professional": 2, "male_technical": 4, "female_technical": 6, "male_clerk": 7, "female_clerk": 8, "male_labor": 4, "female_labor": 6, "total_female": 5, "total_male": 25, "total_male_salary": "4.00", "total_female_salary": "5.00", "male_man_hour": 5, "female_man_hour": 5, "created_at": "2020-10-17T15:33:38.617Z", "updated_at": "2020-10-19T15:49:56.520Z"}}, {"model": "quarry.localoperator", "pk": 3, "fields": {"male_manager": 564, "female_manager": 65, "male_professional": 468, "female_professional": 468, "male_technical": 468, "female_technical": 468, "male_clerk": 68468, "female_clerk": 4, "male_labor": 84, "female_labor": 86, "total_female": 4, "total_male": 465, "total_male_salary": "6.00", "total_female_salary": "46.00", "male_man_hour": 684, "female_man_hour": 68, "created_at": "2020-10-18T16:53:44.042Z", "updated_at": "2020-10-18T16:53:44.042Z"}}, {"model": "quarry.localoperator", "pk": 4, "fields": {"male_manager": 78, "female_manager": 903, "male_professional": 97, "female_professional": 8, "male_technical": 45, "female_technical": 345, "male_clerk": 44, "female_clerk": 5, "male_labor": 67, "female_labor": 45, "total_female": 67, "total_male": 67, "total_male_salary": "67.00", "total_female_salary": "67.00", "male_man_hour": 67, "female_man_hour": 67, "created_at": "2020-10-19T15:37:05.350Z", "updated_at": "2020-10-19T15:37:05.350Z"}}, {"model": "quarry.localoperator", "pk": 5, "fields": {"male_manager": 7, "female_manager": 97, "male_professional": 97, "female_professional": 97, "male_technical": 979, "female_technical": 7, "male_clerk": 7, "female_clerk": 97, "male_labor": 97, "female_labor": 97, "total_female": 79, "total_male": 9, "total_male_salary": "79.00", "total_female_salary": "79.00", "male_man_hour": 79, "female_man_hour": 79, "created_at": "2020-10-19T15:39:11.576Z", "updated_at": "2020-10-19T15:39:11.576Z"}}, {"model": "quarry.localoperator", "pk": 6, "fields": {"male_manager": 123, "female_manager": 345, "male_professional": 45, "female_professional": 45, "male_technical": 56, "female_technical": 56, "male_clerk": 77, "female_clerk": 87, "male_labor": 75, "female_labor": 6, "total_female": 5, "total_male": 454, "total_male_salary": "6.00", "total_female_salary": "56.00", "male_man_hour": 56, "female_man_hour": 56, "created_at": "2020-10-19T15:41:17.482Z", "updated_at": "2020-10-19T15:41:17.483Z"}}, {"model": "quarry.localoperator", "pk": 7, "fields": {"male_manager": 7, "female_manager": 97, "male_professional": 79, "female_professional": 79, "male_technical": 79, "female_technical": 79, "male_clerk": 79, "female_clerk": 79, "male_labor": 79, "female_labor": 79, "total_female": 79, "total_male": 79, "total_male_salary": "7.00", "total_female_salary": "979.00", "male_man_hour": 97, "female_man_hour": 97, "created_at": "2020-10-19T15:42:18.580Z", "updated_at": "2020-10-19T15:42:18.581Z"}}, {"model": "quarry.localoperator", "pk": 8, "fields": {"male_manager": 7, "female_manager": 7, "male_professional": 7, "female_professional": 7, "male_technical": 7, "female_technical": 7, "male_clerk": 77, "female_clerk": 7, "male_labor": 7, "female_labor": 7, "total_female": 7, "total_male": 7, "total_male_salary": "7.00", "total_female_salary": "7.00", "male_man_hour": 77, "female_man_hour": 7, "created_at": "2020-10-19T15:45:07.934Z", "updated_at": "2020-10-19T15:45:07.934Z"}}, {"model": "quarry.localoperator", "pk": 9, "fields": {"male_manager": 85, "female_manager": 852, "male_professional": 65, "female_professional": 5696, "male_technical": 5, "female_technical": 56, "male_clerk": 45, "female_clerk": 455, "male_labor": 8, "female_labor": 8, "total_female": 56, "total_male": 6, "total_male_salary": "43.00", "total_female_salary": "43.00", "male_man_hour": 43, "female_man_hour": 43, "created_at": "2020-10-19T15:45:46.298Z", "updated_at": "2020-10-19T15:45:46.298Z"}}, {"model": "quarry.localoperator", "pk": 10, "fields": {"male_manager": 97, "female_manager": 97, "male_professional": 97, "female_professional": 97, "male_technical": 97, "female_technical": 97, "male_clerk": 97, "female_clerk": 97, "male_labor": 79, "female_labor": 79, "total_female": 79, "total_male": 79, "total_male_salary": "79.00", "total_female_salary": "7.00", "male_man_hour": 97, "female_man_hour": 9, "created_at": "2020-10-19T15:48:21.220Z", "updated_at": "2020-10-19T15:48:21.220Z"}}, {"model": "quarry.localoperator", "pk": 11, "fields": {"male_manager": 98, "female_manager": 6, "male_professional": 63, "female_professional": 4567, "male_technical": 56, "female_technical": 7, "male_clerk": 7, "female_clerk": 88, "male_labor": 55, "female_labor": 65, "total_female": 344, "total_male": 5, "total_male_salary": "86.00", "total_female_salary": "75.00", "male_man_hour": 32, "female_man_hour": 55, "created_at": "2020-10-19T15:49:03.594Z", "updated_at": "2020-10-19T15:49:03.594Z"}}, {"model": "quarry.foreignoperator", "pk": 1, "fields": {"male_manager": 4, "female_manager": 6, "male_professional": 5, "female_professional": 6, "male_technical": 2, "female_technical": 5, "male_clerk": 8, "female_clerk": 7, "male_labor": 1, "female_labor": 2, "total_female": 5, "total_male": 9, "total_male_salary": "1.00", "total_female_salary": "2.00", "male_man_hour": 2, "female_man_hour": 5, "created_at": "2020-10-17T07:30:28.164Z", "updated_at": "2020-10-17T07:30:28.164Z"}}, {"model": "quarry.foreignoperator", "pk": 2, "fields": {"male_manager": 4, "female_manager": 6, "male_professional": 3, "female_professional": 2, "male_technical": 6, "female_technical": 5, "male_clerk": 5, "female_clerk": 6, "male_labor": 0, "female_labor": 6, "total_female": 7, "total_male": 6, "total_male_salary": "7.00", "total_female_salary": "8.00", "male_man_hour": 9, "female_man_hour": 9, "created_at": "2020-10-17T15:34:12.607Z", "updated_at": "2020-10-19T15:49:58.368Z"}}, {"model": "quarry.foreignoperator", "pk": 3, "fields": {"male_manager": 8, "female_manager": 4, "male_professional": 6, "female_professional": 465, "male_technical": 651, "female_technical": 654, "male_clerk": 468, "female_clerk": 465, "male_labor": 68, "female_labor": 468, "total_female": 68, "total_male": 64, "total_male_salary": "1.00", "total_female_salary": "32.00", "male_man_hour": 4, "female_man_hour": 864, "created_at": "2020-10-18T16:54:01.344Z", "updated_at": "2020-10-18T16:54:01.344Z"}}, {"model": "quarry.foreignoperator", "pk": 4, "fields": {"male_manager": 456, "female_manager": 678, "male_professional": 5675, "female_professional": 67, "male_technical": 78, "female_technical": 76, "male_clerk": 67, "female_clerk": 676, "male_labor": 67, "female_labor": 7, "total_female": 7, "total_male": 76, "total_male_salary": "34.00", "total_female_salary": "346.00", "male_man_hour": 7, "female_man_hour": 7, "created_at": "2020-10-19T15:37:23.332Z", "updated_at": "2020-10-19T15:37:23.332Z"}}, {"model": "quarry.foreignoperator", "pk": 5, "fields": {"male_manager": 7, "female_manager": 97, "male_professional": 97, "female_professional": 97, "male_technical": 9, "female_technical": 79, "male_clerk": 79, "female_clerk": 79, "male_labor": 79, "female_labor": 79, "total_female": 79, "total_male": 79, "total_male_salary": "79.00", "total_female_salary": "7.00", "male_man_hour": 97, "female_man_hour": 97, "created_at": "2020-10-19T15:39:21.693Z", "updated_at": "2020-10-19T15:39:21.693Z"}}, {"model": "quarry.foreignoperator", "pk": 6, "fields": {"male_manager": 56, "female_manager": 676, "male_professional": 7, "female_professional": 87, "male_technical": 6, "female_technical": 565, "male_clerk": 65, "female_clerk": 6, "male_labor": 6, "female_labor": 7, "total_female": 566, "total_male": 56, "total_male_salary": "7.00", "total_female_salary": "76.00", "male_man_hour": 76, "female_man_hour": 7, "created_at": "2020-10-19T15:41:32.640Z", "updated_at": "2020-10-19T15:41:32.640Z"}}, {"model": "quarry.foreignoperator", "pk": 7, "fields": {"male_manager": 7, "female_manager": 97, "male_professional": 979, "female_professional": 79, "male_technical": 7, "female_technical": 97, "male_clerk": 97, "female_clerk": 97, "male_labor": 97, "female_labor": 97, "total_female": 9, "total_male": 97, "total_male_salary": "79.00", "total_female_salary": "79.00", "male_man_hour": 79, "female_man_hour": 7, "created_at": "2020-10-19T15:42:32.286Z", "updated_at": "2020-10-19T15:42:32.286Z"}}, {"model": "quarry.foreignoperator", "pk": 8, "fields": {"male_manager": 7, "female_manager": 7, "male_professional": 7, "female_professional": 7, "male_technical": 7, "female_technical": 7, "male_clerk": 7, "female_clerk": 7, "male_labor": 77, "female_labor": 7, "total_female": 7, "total_male": 7, "total_male_salary": "7.00", "total_female_salary": "7.00", "male_man_hour": 7, "female_man_hour": 7, "created_at": "2020-10-19T15:45:21.460Z", "updated_at": "2020-10-19T15:45:21.460Z"}}, {"model": "quarry.foreignoperator", "pk": 9, "fields": {"male_manager": 567, "female_manager": 56, "male_professional": 67, "female_professional": 67, "male_technical": 87, "female_technical": 87, "male_clerk": 7, "female_clerk": 8, "male_labor": 77, "female_labor": 6, "total_female": 53, "total_male": 64, "total_male_salary": "345.00", "total_female_salary": "65.00", "male_man_hour": 543, "female_man_hour": 4, "created_at": "2020-10-19T15:46:25.373Z", "updated_at": "2020-10-19T15:46:25.373Z"}}, {"model": "quarry.foreignoperator", "pk": 10, "fields": {"male_manager": 97, "female_manager": 9, "male_professional": 79, "female_professional": 79, "male_technical": 79, "female_technical": 79, "male_clerk": 97, "female_clerk": 97, "male_labor": 9, "female_labor": 79, "total_female": 79, "total_male": 79, "total_male_salary": "97.00", "total_female_salary": "97.00", "male_man_hour": 9, "female_man_hour": 7, "created_at": "2020-10-19T15:48:30.834Z", "updated_at": "2020-10-19T15:48:30.834Z"}}, {"model": "quarry.foreignoperator", "pk": 11, "fields": {"male_manager": 85, "female_manager": 56, "male_professional": 78, "female_professional": 97, "male_technical": 6, "female_technical": 45, "male_clerk": 55, "female_clerk": 66, "male_labor": 76, "female_labor": 7, "total_female": 45, "total_male": 56, "total_male_salary": "455.00", "total_female_salary": "65.00", "male_man_hour": 5, "female_man_hour": 65, "created_at": "2020-10-19T15:49:16.553Z", "updated_at": "2020-10-19T15:49:16.553Z"}}, {"model": "quarry.localcontractor", "pk": 1, "fields": {"male_manager": 3, "female_manager": 4, "male_professional": 5, "female_professional": 4, "male_technical": 6, "female_technical": 5, "male_clerk": 9, "female_clerk": 5, "male_labor": 6, "female_labor": 1, "total_male": 4, "total_female": 8, "total_male_salary": "6.00", "total_female_salary": "4.00", "male_man_hour": 6, "female_man_hour": 4, "created_at": "2020-10-17T07:30:06.767Z", "updated_at": "2020-10-17T07:30:06.767Z"}}, {"model": "quarry.localcontractor", "pk": 2, "fields": {"male_manager": 5, "female_manager": 6, "male_professional": 3, "female_professional": 5, "male_technical": 9, "female_technical": 8, "male_clerk": 7, "female_clerk": 5, "male_labor": 1, "female_labor": 4, "total_male": 6, "total_female": 5, "total_male_salary": "6.00", "total_female_salary": "4.00", "male_man_hour": 5, "female_man_hour": 5, "created_at": "2020-10-17T15:33:38.763Z", "updated_at": "2020-10-19T15:49:56.630Z"}}, {"model": "quarry.localcontractor", "pk": 3, "fields": {"male_manager": 468, "female_manager": 48, "male_professional": 468, "female_professional": 468, "male_technical": 468, "female_technical": 4, "male_clerk": 684, "female_clerk": 684, "male_labor": 46, "female_labor": 45, "total_male": 684, "total_female": 84, "total_male_salary": "465.00", "total_female_salary": "4.00", "male_man_hour": 468, "female_man_hour": 4, "created_at": "2020-10-18T16:53:44.158Z", "updated_at": "2020-10-18T16:53:44.158Z"}}, {"model": "quarry.localcontractor", "pk": 4, "fields": {"male_manager": 46, "female_manager": 78, "male_professional": 67, "female_professional": 56, "male_technical": 78, "female_technical": 93, "male_clerk": 67, "female_clerk": 7, "male_labor": 56, "female_labor": 67, "total_male": 67, "total_female": 67, "total_male_salary": "67.00", "total_female_salary": "67.00", "male_man_hour": 676, "female_man_hour": 7, "created_at": "2020-10-19T15:37:05.454Z", "updated_at": "2020-10-19T15:37:05.454Z"}}, {"model": "quarry.localcontractor", "pk": 5, "fields": {"male_manager": 97, "female_manager": 97, "male_professional": 97, "female_professional": 97, "male_technical": 97, "female_technical": 979, "male_clerk": 97, "female_clerk": 97, "male_labor": 97, "female_labor": 97, "total_male": 79, "total_female": 79, "total_male_salary": "79.00", "total_female_salary": "79.00", "male_man_hour": 79, "female_man_hour": 7, "created_at": "2020-10-19T15:39:11.687Z", "updated_at": "2020-10-19T15:39:11.687Z"}}, {"model": "quarry.localcontractor", "pk": 6, "fields": {"male_manager": 45, "female_manager": 45, "male_professional": 45, "female_professional": 45, "male_technical": 65, "female_technical": 66, "male_clerk": 8, "female_clerk": 76, "male_labor": 45, "female_labor": 456, "total_male": 565, "total_female": 65, "total_male_salary": "565.00", "total_female_salary": "6.00", "male_man_hour": 56, "female_man_hour": 56, "created_at": "2020-10-19T15:41:17.655Z", "updated_at": "2020-10-19T15:41:17.655Z"}}, {"model": "quarry.localcontractor", "pk": 7, "fields": {"male_manager": 97, "female_manager": 979, "male_professional": 79, "female_professional": 79, "male_technical": 79, "female_technical": 79, "male_clerk": 79, "female_clerk": 79, "male_labor": 79, "female_labor": 79, "total_male": 7, "total_female": 979, "total_male_salary": "7.00", "total_female_salary": "97.00", "male_man_hour": 97, "female_man_hour": 97, "created_at": "2020-10-19T15:42:18.672Z", "updated_at": "2020-10-19T15:42:18.672Z"}}, {"model": "quarry.localcontractor", "pk": 8, "fields": {"male_manager": 7, "female_manager": 77, "male_professional": 7, "female_professional": 7, "male_technical": 7, "female_technical": 7, "male_clerk": 7, "female_clerk": 7, "male_labor": 77, "female_labor": 7, "total_male": 7, "total_female": 7, "total_male_salary": "7.00", "total_female_salary": "7.00", "male_man_hour": 7, "female_man_hour": 7, "created_at": "2020-10-19T15:45:08.036Z", "updated_at": "2020-10-19T15:45:08.036Z"}}, {"model": "quarry.localcontractor", "pk": 9, "fields": {"male_manager": 52, "female_manager": 52, "male_professional": 6, "female_professional": 96, "male_technical": 566, "female_technical": 6, "male_clerk": 66, "female_clerk": 77, "male_labor": 78, "female_labor": 67, "total_male": 564, "total_female": 53, "total_male_salary": "43.00", "total_female_salary": "43.00", "male_man_hour": 43, "female_man_hour": 4, "created_at": "2020-10-19T15:45:46.432Z", "updated_at": "2020-10-19T15:45:46.433Z"}}, {"model": "quarry.localcontractor", "pk": 10, "fields": {"male_manager": 97, "female_manager": 97, "male_professional": 97, "female_professional": 97, "male_technical": 97, "female_technical": 97, "male_clerk": 97, "female_clerk": 9, "male_labor": 79, "female_labor": 79, "total_male": 79, "total_female": 79, "total_male_salary": "979.00", "total_female_salary": "7.00", "male_man_hour": 79, "female_man_hour": 79, "created_at": "2020-10-19T15:48:21.361Z", "updated_at": "2020-10-19T15:48:21.361Z"}}, {"model": "quarry.localcontractor", "pk": 11, "fields": {"male_manager": 6, "female_manager": 567, "male_professional": 7, "female_professional": 4, "male_technical": 7, "female_technical": 67, "male_clerk": 5, "female_clerk": 74, "male_labor": 65, "female_labor": 64, "total_male": 56, "total_female": 77, "total_male_salary": "6.00", "total_female_salary": "55.00", "male_man_hour": 5, "female_man_hour": 43, "created_at": "2020-10-19T15:49:03.678Z", "updated_at": "2020-10-19T15:49:03.678Z"}}, {"model": "quarry.foreigncontractor", "pk": 1, "fields": {"male_manager": 9, "female_manager": 2, "male_professional": 5, "female_professional": 1, "male_technical": 6, "female_technical": 4, "male_clerk": 9, "female_clerk": 5, "male_labor": 5, "female_labor": 4, "total_male": 4, "total_female": 6, "total_male_salary": "3.00", "total_female_salary": "1.00", "male_man_hour": 8, "female_man_hour": 5, "created_at": "2020-10-17T07:30:28.378Z", "updated_at": "2020-10-17T07:30:28.379Z"}}, {"model": "quarry.foreigncontractor", "pk": 2, "fields": {"male_manager": 1, "female_manager": 2, "male_professional": 5, "female_professional": 4, "male_technical": 5, "female_technical": 5, "male_clerk": 4, "female_clerk": 5, "male_labor": 4, "female_labor": 5, "total_male": 8, "total_female": 9, "total_male_salary": "9.00", "total_female_salary": "5.00", "male_man_hour": 5, "female_man_hour": 2, "created_at": "2020-10-17T15:34:12.731Z", "updated_at": "2020-10-19T15:49:58.506Z"}}, {"model": "quarry.foreigncontractor", "pk": 3, "fields": {"male_manager": 684, "female_manager": 684, "male_professional": 468, "female_professional": 4, "male_technical": 68, "female_technical": 468, "male_clerk": 4, "female_clerk": 654, "male_labor": 468, "female_labor": 4, "total_male": 468, "total_female": 453, "total_male_salary": "15.00", "total_female_salary": "16.00", "male_man_hour": 65, "female_man_hour": 4168, "created_at": "2020-10-18T16:54:01.531Z", "updated_at": "2020-10-18T16:54:01.531Z"}}, {"model": "quarry.foreigncontractor", "pk": 4, "fields": {"male_manager": 67, "female_manager": 67, "male_professional": 567, "female_professional": 78, "male_technical": 7, "female_technical": 67, "male_clerk": 7, "female_clerk": 7, "male_labor": 67, "female_labor": 676, "total_male": 564, "total_female": 5, "total_male_salary": "7.00", "total_female_salary": "78.00", "male_man_hour": 67, "female_man_hour": 67, "created_at": "2020-10-19T15:37:23.442Z", "updated_at": "2020-10-19T15:37:23.442Z"}}, {"model": "quarry.foreigncontractor", "pk": 5, "fields": {"male_manager": 97, "female_manager": 97, "male_professional": 97, "female_professional": 97, "male_technical": 79, "female_technical": 79, "male_clerk": 79, "female_clerk": 79, "male_labor": 79, "female_labor": 79, "total_male": 79, "total_female": 79, "total_male_salary": "97.00", "total_female_salary": "97.00", "male_man_hour": 97, "female_man_hour": 97, "created_at": "2020-10-19T15:39:21.892Z", "updated_at": "2020-10-19T15:39:21.892Z"}}, {"model": "quarry.foreigncontractor", "pk": 6, "fields": {"male_manager": 78, "female_manager": 978, "male_professional": 5, "female_professional": 65, "male_technical": 65, "female_technical": 65, "male_clerk": 6, "female_clerk": 787, "male_labor": 56, "female_labor": 56, "total_male": 6, "total_female": 6, "total_male_salary": "7.00", "total_female_salary": "676.00", "male_man_hour": 6, "female_man_hour": 6, "created_at": "2020-10-19T15:41:32.742Z", "updated_at": "2020-10-19T15:41:32.742Z"}}, {"model": "quarry.foreigncontractor", "pk": 7, "fields": {"male_manager": 979, "female_manager": 7, "male_professional": 79, "female_professional": 79, "male_technical": 97, "female_technical": 97, "male_clerk": 97, "female_clerk": 97, "male_labor": 97, "female_labor": 97, "total_male": 79, "total_female": 79, "total_male_salary": "79.00", "total_female_salary": "79.00", "male_man_hour": 97, "female_man_hour": 97, "created_at": "2020-10-19T15:42:32.408Z", "updated_at": "2020-10-19T15:42:32.408Z"}}, {"model": "quarry.foreigncontractor", "pk": 8, "fields": {"male_manager": 77, "female_manager": 7, "male_professional": 7, "female_professional": 7, "male_technical": 7, "female_technical": 77, "male_clerk": 7, "female_clerk": 7, "male_labor": 7, "female_labor": 7, "total_male": 7, "total_female": 7, "total_male_salary": "77.00", "total_female_salary": "77.00", "male_man_hour": 7, "female_man_hour": 7, "created_at": "2020-10-19T15:45:21.571Z", "updated_at": "2020-10-19T15:45:21.571Z"}}, {"model": "quarry.foreigncontractor", "pk": 9, "fields": {"male_manager": 56, "female_manager": 67, "male_professional": 77, "female_professional": 7, "male_technical": 7, "female_technical": 7, "male_clerk": 67, "female_clerk": 67, "male_labor": 76, "female_labor": 5, "total_male": 4, "total_female": 23, "total_male_salary": "65.00", "total_female_salary": "43.00", "male_man_hour": 54, "female_man_hour": 54, "created_at": "2020-10-19T15:46:25.523Z", "updated_at": "2020-10-19T15:46:25.523Z"}}, {"model": "quarry.foreigncontractor", "pk": 10, "fields": {"male_manager": 79, "female_manager": 79, "male_professional": 79, "female_professional": 79, "male_technical": 79, "female_technical": 7, "male_clerk": 97, "female_clerk": 97, "male_labor": 79, "female_labor": 79, "total_male": 79, "total_female": 7, "total_male_salary": "97.00", "total_female_salary": "97.00", "male_man_hour": 97, "female_man_hour": 97, "created_at": "2020-10-19T15:48:30.917Z", "updated_at": "2020-10-19T15:48:30.917Z"}}, {"model": "quarry.foreigncontractor", "pk": 11, "fields": {"male_manager": 56, "female_manager": 676, "male_professional": 86, "female_professional": 75, "male_technical": 34, "female_technical": 344, "male_clerk": 7, "female_clerk": 6, "male_labor": 66, "female_labor": 756, "total_male": 45, "total_female": 45, "total_male_salary": "5.00", "total_female_salary": "65.00", "male_man_hour": 66, "female_man_hour": 77, "created_at": "2020-10-19T15:49:16.688Z", "updated_at": "2020-10-19T15:49:16.688Z"}}, {"model": "quarry.internalcombustionmachinery", "pk": 1, "fields": {"number_lorry": 8, "lorry_power": "9.00", "number_excavator": 4, "excavator_power": "6.00", "number_wheel_loader": 2, "wheel_loader_power": "5.00", "number_bulldozer": 6, "bulldozer_power": "5.00", "number_water_pump": 3, "water_pump_power": "5.00", "number_air_compressor": 5, "air_compressor_power": "5.00", "number_hydraulic_breaker": 5, "hydraulic_breaker_power": "5.00", "number_hydraulic_drill": 5, "hydraulic_drill_power": "5.00", "number_crusher": 25, "crusher_power": "2.00", "number_shovel": 5, "shovel_power": "7.00", "number_tracktor": 4, "tracktor_power": "5.00", "number_other": 4, "other_power": "2.00", "state_other": "", "total_number": 4, "total_power": "4.00", "created_at": "2020-10-17T07:31:14.034Z", "updated_at": "2020-10-17T07:31:14.034Z"}}, {"model": "quarry.internalcombustionmachinery", "pk": 2, "fields": {"number_lorry": 9, "lorry_power": "79.00", "number_excavator": 79, "excavator_power": "79.00", "number_wheel_loader": 7, "wheel_loader_power": "979.00", "number_bulldozer": 97, "bulldozer_power": "97.00", "number_water_pump": 97, "water_pump_power": "9.00", "number_air_compressor": 79, "air_compressor_power": "79.00", "number_hydraulic_breaker": 79, "hydraulic_breaker_power": "79.00", "number_hydraulic_drill": 979, "hydraulic_drill_power": "7.00", "number_crusher": 97, "crusher_power": "97.00", "number_shovel": 97, "shovel_power": "97.00", "number_tracktor": 97, "tracktor_power": "97.00", "number_other": 79, "other_power": "79.00", "state_other": "97", "total_number": 97, "total_power": "97.00", "created_at": "2020-10-19T15:50:19.003Z", "updated_at": "2020-10-19T15:50:19.003Z"}}, {"model": "quarry.internalcombustionmachinery", "pk": 3, "fields": {"number_lorry": 4, "lorry_power": "89.00", "number_excavator": 84, "excavator_power": "894.00", "number_wheel_loader": 489, "wheel_loader_power": "48.00", "number_bulldozer": 894, "bulldozer_power": "984.00", "number_water_pump": 4, "water_pump_power": "894.00", "number_air_compressor": 984, "air_compressor_power": "894.00", "number_hydraulic_breaker": 498, "hydraulic_breaker_power": "4894.00", "number_hydraulic_drill": 894, "hydraulic_drill_power": "894.00", "number_crusher": 489, "crusher_power": "489.00", "number_shovel": 489, "shovel_power": "489.00", "number_tracktor": 94, "tracktor_power": "94.00", "number_other": 465, "other_power": "4.00", "state_other": "89", "total_number": 48, "total_power": "84.00", "created_at": "2020-10-18T16:54:46.738Z", "updated_at": "2020-10-18T16:54:46.738Z"}}, {"model": "quarry.internalcombustionmachinery", "pk": 4, "fields": {"number_lorry": 567, "lorry_power": "67.00", "number_excavator": 78, "excavator_power": "67.00", "number_wheel_loader": 23, "wheel_loader_power": "423.00", "number_bulldozer": 78, "bulldozer_power": "8.00", "number_water_pump": 787, "water_pump_power": "87.00", "number_air_compressor": 90, "air_compressor_power": "78.00", "number_hydraulic_breaker": 56, "hydraulic_breaker_power": "345.00", "number_hydraulic_drill": 454, "hydraulic_drill_power": "54.00", "number_crusher": 75, "crusher_power": "65.00", "number_shovel": 675, "shovel_power": "65.00", "number_tracktor": 676, "tracktor_power": "77.00", "number_other": 5, "other_power": "676.00", "state_other": "", "total_number": 525, "total_power": "6785.00", "created_at": "2020-10-19T15:38:34.034Z", "updated_at": "2020-10-19T15:38:34.035Z"}}, {"model": "quarry.internalcombustionmachinery", "pk": 5, "fields": {"number_lorry": 7, "lorry_power": "97.00", "number_excavator": 97, "excavator_power": "97.00", "number_wheel_loader": 79, "wheel_loader_power": "79.00", "number_bulldozer": 79, "bulldozer_power": "9.00", "number_water_pump": 79, "water_pump_power": "797.00", "number_air_compressor": 79, "air_compressor_power": "79.00", "number_hydraulic_breaker": 79, "hydraulic_breaker_power": "79.00", "number_hydraulic_drill": 79, "hydraulic_drill_power": "79.00", "number_crusher": 79, "crusher_power": "79.00", "number_shovel": 79, "shovel_power": "79.00", "number_tracktor": 79, "tracktor_power": "79.00", "number_other": 79, "other_power": "7.00", "state_other": "97", "total_number": 97, "total_power": "97.00", "created_at": "2020-10-19T15:39:37.172Z", "updated_at": "2020-10-19T15:39:37.172Z"}}, {"model": "quarry.internalcombustionmachinery", "pk": 6, "fields": {"number_lorry": 345, "lorry_power": "346.00", "number_excavator": 87, "excavator_power": "86.00", "number_wheel_loader": 564, "wheel_loader_power": "54.00", "number_bulldozer": 5, "bulldozer_power": "6.00", "number_water_pump": 65, "water_pump_power": "64.00", "number_air_compressor": 454, "air_compressor_power": "54.00", "number_hydraulic_breaker": 56, "hydraulic_breaker_power": "56.00", "number_hydraulic_drill": 5, "hydraulic_drill_power": "45.00", "number_crusher": 85, "crusher_power": "9.00", "number_shovel": 85, "shovel_power": "6.00", "number_tracktor": 5255, "tracktor_power": "52.00", "number_other": 5, "other_power": "565.00", "state_other": "", "total_number": 74, "total_power": "5.00", "created_at": "2020-10-19T15:42:04.499Z", "updated_at": "2020-10-19T15:42:04.499Z"}}, {"model": "quarry.internalcombustionmachinery", "pk": 7, "fields": {"number_lorry": 7, "lorry_power": "97.00", "number_excavator": 97, "excavator_power": "97.00", "number_wheel_loader": 979, "wheel_loader_power": "7.00", "number_bulldozer": 9, "bulldozer_power": "797.00", "number_water_pump": 9, "water_pump_power": "797.00", "number_air_compressor": 9, "air_compressor_power": "79.00", "number_hydraulic_breaker": 79, "hydraulic_breaker_power": "79.00", "number_hydraulic_drill": 79, "hydraulic_drill_power": "79.00", "number_crusher": 79, "crusher_power": "79.00", "number_shovel": 79, "shovel_power": "79.00", "number_tracktor": 79, "tracktor_power": "79.00", "number_other": 979, "other_power": "7.00", "state_other": "97", "total_number": 97, "total_power": "9.00", "created_at": "2020-10-19T15:42:49.359Z", "updated_at": "2020-10-19T15:42:49.359Z"}}, {"model": "quarry.internalcombustionmachinery", "pk": 8, "fields": {"number_lorry": 7, "lorry_power": "7.00", "number_excavator": 77, "excavator_power": "7.00", "number_wheel_loader": 7, "wheel_loader_power": "7.00", "number_bulldozer": 7, "bulldozer_power": "7.00", "number_water_pump": 7, "water_pump_power": "7.00", "number_air_compressor": 7, "air_compressor_power": "77.00", "number_hydraulic_breaker": 7, "hydraulic_breaker_power": "7.00", "number_hydraulic_drill": 7, "hydraulic_drill_power": "7.00", "number_crusher": 7, "crusher_power": "77.00", "number_shovel": 7, "shovel_power": "7.00", "number_tracktor": 7, "tracktor_power": "7.00", "number_other": 7, "other_power": "7.00", "state_other": "7", "total_number": 7, "total_power": "77.00", "created_at": "2020-10-19T15:45:45.461Z", "updated_at": "2020-10-19T15:45:45.461Z"}}, {"model": "quarry.internalcombustionmachinery", "pk": 9, "fields": {"number_lorry": 56, "lorry_power": "677.00", "number_excavator": 6, "excavator_power": "75.00", "number_wheel_loader": 44, "wheel_loader_power": "5.00", "number_bulldozer": 7, "bulldozer_power": "6.00", "number_water_pump": 67, "water_pump_power": "34.00", "number_air_compressor": 75, "air_compressor_power": "65.00", "number_hydraulic_breaker": 8, "hydraulic_breaker_power": "564.00", "number_hydraulic_drill": 34, "hydraulic_drill_power": "34.00", "number_crusher": 6, "crusher_power": "67.00", "number_shovel": 56, "shovel_power": "5.00", "number_tracktor": 34, "tracktor_power": "34.00", "number_other": 54, "other_power": "4556.00", "state_other": "", "total_number": 67, "total_power": "895.00", "created_at": "2020-10-19T15:46:58.515Z", "updated_at": "2020-10-19T15:46:58.515Z"}}, {"model": "quarry.internalcombustionmachinery", "pk": 10, "fields": {"number_lorry": 97, "lorry_power": "97.00", "number_excavator": 97, "excavator_power": "9.00", "number_wheel_loader": 79, "wheel_loader_power": "79.00", "number_bulldozer": 97, "bulldozer_power": "97.00", "number_water_pump": 97, "water_pump_power": "97.00", "number_air_compressor": 79, "air_compressor_power": "79.00", "number_hydraulic_breaker": 79, "hydraulic_breaker_power": "79.00", "number_hydraulic_drill": 79, "hydraulic_drill_power": "79.00", "number_crusher": 7, "crusher_power": "97.00", "number_shovel": 97, "shovel_power": "97.00", "number_tracktor": 9, "tracktor_power": "797.00", "number_other": 97, "other_power": "97.00", "state_other": "7979", "total_number": 79, "total_power": "79.00", "created_at": "2020-10-19T15:48:45.522Z", "updated_at": "2020-10-19T15:48:45.522Z"}}, {"model": "quarry.internalcombustionmachinery", "pk": 11, "fields": {"number_lorry": 78, "lorry_power": "56.00", "number_excavator": 43, "excavator_power": "43.00", "number_wheel_loader": 77, "wheel_loader_power": "88.00", "number_bulldozer": 7, "bulldozer_power": "56.00", "number_water_pump": 454, "water_pump_power": "5.00", "number_air_compressor": 34, "air_compressor_power": "4.00", "number_hydraulic_breaker": 8, "hydraulic_breaker_power": "67.00", "number_hydraulic_drill": 56, "hydraulic_drill_power": "54.00", "number_crusher": 3, "crusher_power": "44.00", "number_shovel": 55, "shovel_power": "4.00", "number_tracktor": 455, "tracktor_power": "5.00", "number_other": 65, "other_power": "5.00", "state_other": "", "total_number": 5, "total_power": "66.00", "created_at": "2020-10-19T15:49:36.372Z", "updated_at": "2020-10-19T15:49:36.372Z"}}, {"model": "quarry.electricmachinery", "pk": 1, "fields": {"number_lorry": 7, "lorry_power": "6.00", "number_excavator": 5, "excavator_power": "1.00", "number_wheel_loader": 8, "wheel_loader_power": "4.00", "number_bulldozer": 12, "bulldozer_power": "2.00", "number_water_pump": 4, "water_pump_power": "6.00", "number_air_compressor": 5, "air_compressor_power": "5.00", "number_hydraulic_breaker": 5, "hydraulic_breaker_power": "5.00", "number_hydraulic_drill": 5, "hydraulic_drill_power": "51.00", "number_crusher": 7, "crusher_power": "6.00", "number_shovel": 5, "shovel_power": "26.00", "number_tracktor": 5, "tracktor_power": "5.00", "number_other": 2, "other_power": "2.00", "state_other": "", "total_number": 5, "total_power": "5.00", "created_at": "2020-10-17T07:31:14.313Z", "updated_at": "2020-10-17T07:31:14.313Z"}}, {"model": "quarry.electricmachinery", "pk": 2, "fields": {"number_lorry": 79, "lorry_power": "79.00", "number_excavator": 79, "excavator_power": "79.00", "number_wheel_loader": 7, "wheel_loader_power": "97.00", "number_bulldozer": 97, "bulldozer_power": "97.00", "number_water_pump": 79, "water_pump_power": "79.00", "number_air_compressor": 79, "air_compressor_power": "79.00", "number_hydraulic_breaker": 79, "hydraulic_breaker_power": "7.00", "number_hydraulic_drill": 97, "hydraulic_drill_power": "97.00", "number_crusher": 97, "crusher_power": "97.00", "number_shovel": 97, "shovel_power": "97.00", "number_tracktor": 97, "tracktor_power": "79.00", "number_other": 9, "other_power": "7.00", "state_other": "97", "total_number": 97, "total_power": "9.00", "created_at": "2020-10-19T15:50:19.131Z", "updated_at": "2020-10-19T15:50:19.131Z"}}, {"model": "quarry.electricmachinery", "pk": 3, "fields": {"number_lorry": 4894, "lorry_power": "48.00", "number_excavator": 684, "excavator_power": "8.00", "number_wheel_loader": 468, "wheel_loader_power": "484.00", "number_bulldozer": 89, "bulldozer_power": "498.00", "number_water_pump": 84, "water_pump_power": "894.00", "number_air_compressor": 89, "air_compressor_power": "489.00", "number_hydraulic_breaker": 894, "hydraulic_breaker_power": "894.00", "number_hydraulic_drill": 8984, "hydraulic_drill_power": "98.00", "number_crusher": 489, "crusher_power": "489.00", "number_shovel": 489, "shovel_power": "4.00", "number_tracktor": 84, "tracktor_power": "6.00", "number_other": 6548, "other_power": "94.00", "state_other": "489", "total_number": 54, "total_power": "654.00", "created_at": "2020-10-18T16:54:46.886Z", "updated_at": "2020-10-18T16:54:46.886Z"}}, {"model": "quarry.electricmachinery", "pk": 4, "fields": {"number_lorry": 79, "lorry_power": "0.00", "number_excavator": 56456, "excavator_power": "34.00", "number_wheel_loader": 456, "wheel_loader_power": "7.00", "number_bulldozer": 8, "bulldozer_power": "9.00", "number_water_pump": 88, "water_pump_power": "9.00", "number_air_compressor": 675, "air_compressor_power": "6.00", "number_hydraulic_breaker": 34, "hydraulic_breaker_power": "34.00", "number_hydraulic_drill": 565, "hydraulic_drill_power": "66.00", "number_crusher": 5, "crusher_power": "56.00", "number_shovel": 6, "shovel_power": "567.00", "number_tracktor": 87, "tracktor_power": "867.00", "number_other": 76, "other_power": "7.00", "state_other": "", "total_number": 64, "total_power": "545.00", "created_at": "2020-10-19T15:38:34.166Z", "updated_at": "2020-10-19T15:38:34.166Z"}}, {"model": "quarry.electricmachinery", "pk": 5, "fields": {"number_lorry": 97, "lorry_power": "97.00", "number_excavator": 97, "excavator_power": "9.00", "number_wheel_loader": 79, "wheel_loader_power": "79.00", "number_bulldozer": 797, "bulldozer_power": "9.00", "number_water_pump": 9, "water_pump_power": "79.00", "number_air_compressor": 79, "air_compressor_power": "79.00", "number_hydraulic_breaker": 79, "hydraulic_breaker_power": "79.00", "number_hydraulic_drill": 79, "hydraulic_drill_power": "79.00", "number_crusher": 79, "crusher_power": "79.00", "number_shovel": 79, "shovel_power": "79.00", "number_tracktor": 79, "tracktor_power": "79.00", "number_other": 97, "other_power": "97.00", "state_other": "97", "total_number": 97, "total_power": "97.00", "created_at": "2020-10-19T15:39:37.326Z", "updated_at": "2020-10-19T15:39:37.326Z"}}, {"model": "quarry.electricmachinery", "pk": 6, "fields": {"number_lorry": 78, "lorry_power": "87.00", "number_excavator": 76, "excavator_power": "7.00", "number_wheel_loader": 53, "wheel_loader_power": "44.00", "number_bulldozer": 56, "bulldozer_power": "56.00", "number_water_pump": 564, "water_pump_power": "5.00", "number_air_compressor": 56, "air_compressor_power": "56.00", "number_hydraulic_breaker": 45, "hydraulic_breaker_power": "5.00", "number_hydraulic_drill": 45, "hydraulic_drill_power": "5.00", "number_crusher": 9, "crusher_power": "9.00", "number_shovel": 96, "shovel_power": "9.00", "number_tracktor": 85, "tracktor_power": "5.00", "number_other": 4, "other_power": "5.00", "state_other": "", "total_number": 52, "total_power": "52.00", "created_at": "2020-10-19T15:42:04.619Z", "updated_at": "2020-10-19T15:42:04.619Z"}}, {"model": "quarry.electricmachinery", "pk": 7, "fields": {"number_lorry": 97, "lorry_power": "97.00", "number_excavator": 97, "excavator_power": "97.00", "number_wheel_loader": 97, "wheel_loader_power": "97.00", "number_bulldozer": 97, "bulldozer_power": "97.00", "number_water_pump": 97, "water_pump_power": "97.00", "number_air_compressor": 79, "air_compressor_power": "79.00", "number_hydraulic_breaker": 79, "hydraulic_breaker_power": "79.00", "number_hydraulic_drill": 79, "hydraulic_drill_power": "79.00", "number_crusher": 79, "crusher_power": "79.00", "number_shovel": 79, "shovel_power": "79.00", "number_tracktor": 79, "tracktor_power": "7.00", "number_other": 97, "other_power": "97.00", "state_other": "97", "total_number": 979, "total_power": "9.00", "created_at": "2020-10-19T15:42:49.536Z", "updated_at": "2020-10-19T15:42:49.536Z"}}, {"model": "quarry.electricmachinery", "pk": 8, "fields": {"number_lorry": 77, "lorry_power": "7.00", "number_excavator": 7, "excavator_power": "7.00", "number_wheel_loader": 7, "wheel_loader_power": "77.00", "number_bulldozer": 7, "bulldozer_power": "7.00", "number_water_pump": 7, "water_pump_power": "7.00", "number_air_compressor": 7, "air_compressor_power": "7.00", "number_hydraulic_breaker": 7, "hydraulic_breaker_power": "77.00", "number_hydraulic_drill": 7, "hydraulic_drill_power": "7.00", "number_crusher": 7, "crusher_power": "7.00", "number_shovel": 7, "shovel_power": "7.00", "number_tracktor": 77, "tracktor_power": "7.00", "number_other": 7, "other_power": "77.00", "state_other": "7", "total_number": 7, "total_power": "7.00", "created_at": "2020-10-19T15:45:45.546Z", "updated_at": "2020-10-19T15:45:45.546Z"}}, {"model": "quarry.electricmachinery", "pk": 9, "fields": {"number_lorry": 88, "lorry_power": "99.00", "number_excavator": 63, "excavator_power": "43.00", "number_wheel_loader": 667, "wheel_loader_power": "5.00", "number_bulldozer": 76, "bulldozer_power": "76.00", "number_water_pump": 34556, "water_pump_power": "76.00", "number_air_compressor": 65, "air_compressor_power": "667.00", "number_hydraulic_breaker": 562, "hydraulic_breaker_power": "34.00", "number_hydraulic_drill": 455, "hydraulic_drill_power": "67.00", "number_crusher": 7889, "crusher_power": "7.00", "number_shovel": 45, "shovel_power": "34.00", "number_tracktor": 344, "tracktor_power": "4.00", "number_other": 5, "other_power": "56.00", "state_other": "", "total_number": 645, "total_power": "4.00", "created_at": "2020-10-19T15:46:58.610Z", "updated_at": "2020-10-19T15:46:58.610Z"}}, {"model": "quarry.electricmachinery", "pk": 10, "fields": {"number_lorry": 97, "lorry_power": "97.00", "number_excavator": 79, "excavator_power": "79.00", "number_wheel_loader": 79, "wheel_loader_power": "7.00", "number_bulldozer": 97, "bulldozer_power": "97.00", "number_water_pump": 9, "water_pump_power": "79.00", "number_air_compressor": 79, "air_compressor_power": "79.00", "number_hydraulic_breaker": 79, "hydraulic_breaker_power": "79.00", "number_hydraulic_drill": 79, "hydraulic_drill_power": "79.00", "number_crusher": 97, "crusher_power": "97.00", "number_shovel": 97, "shovel_power": "97.00", "number_tracktor": 9, "tracktor_power": "797.00", "number_other": 9, "other_power": "79.00", "state_other": "79", "total_number": 79, "total_power": "7.00", "created_at": "2020-10-19T15:48:45.807Z", "updated_at": "2020-10-19T15:48:45.807Z"}}, {"model": "quarry.electricmachinery", "pk": 11, "fields": {"number_lorry": 564, "lorry_power": "5.00", "number_excavator": 44, "excavator_power": "56.00", "number_wheel_loader": 9, "wheel_loader_power": "786.00", "number_bulldozer": 45, "bulldozer_power": "45.00", "number_water_pump": 34, "water_pump_power": "34.00", "number_air_compressor": 45, "air_compressor_power": "67.00", "number_hydraulic_breaker": 6, "hydraulic_breaker_power": "56.00", "number_hydraulic_drill": 5, "hydraulic_drill_power": "454.00", "number_crusher": 5, "crusher_power": "45.00", "number_shovel": 54, "shovel_power": "5.00", "number_tracktor": 5, "tracktor_power": "5.00", "number_other": 65, "other_power": "6.00", "state_other": "", "total_number": 77, "total_power": "6.00", "created_at": "2020-10-19T15:49:36.514Z", "updated_at": "2020-10-19T15:49:36.514Z"}}, {"model": "quarry.dailyexplosive", "pk": 1, "fields": {"miner_data": 1, "date": "2020-10-16", "emulsion_explosive": "4.00", "ng_explosive": "5.00", "other_explosive": "4.00", "detonator": 5, "electric_detonator": 4, "non_electric_detonator": 5, "safety_fuse": "4.00", "detonating_cord": "5.00", "anfo": "7.00", "bulk_emulsion": "5.00", "relay_tld": 6, "created_at": "2020-10-17T07:31:31.945Z", "updated_at": "2020-10-17T07:31:31.945Z"}}, {"model": "quarry.dailyexplosive", "pk": 2, "fields": {"miner_data": 3, "date": "2020-10-07", "emulsion_explosive": "45.00", "ng_explosive": "64.00", "other_explosive": "5.00", "detonator": 2, "electric_detonator": 2386, "non_electric_detonator": 5, "safety_fuse": "85.00", "detonating_cord": "85.00", "anfo": "5.00", "bulk_emulsion": "5.00", "relay_tld": 968, "created_at": "2020-10-18T16:55:31.505Z", "updated_at": "2020-10-18T16:55:31.505Z"}}, {"model": "quarry.dailyexplosive", "pk": 3, "fields": {"miner_data": 4, "date": "2020-10-10", "emulsion_explosive": "56.00", "ng_explosive": "6.00", "other_explosive": "67.00", "detonator": 78, "electric_detonator": 786, "non_electric_detonator": 75, "safety_fuse": "67.00", "detonating_cord": "67.00", "anfo": "67.00", "bulk_emulsion": "67.00", "relay_tld": 56, "created_at": "2020-10-19T15:38:47.822Z", "updated_at": "2020-10-19T15:38:47.822Z"}}, {"model": "quarry.dailyexplosive", "pk": 4, "fields": {"miner_data": 5, "date": "2020-12-05", "emulsion_explosive": "97.00", "ng_explosive": "97.00", "other_explosive": "97.00", "detonator": 97, "electric_detonator": 97, "non_electric_detonator": 97, "safety_fuse": "97.00", "detonating_cord": "97.00", "anfo": "97.00", "bulk_emulsion": "97.00", "relay_tld": 97, "created_at": "2020-10-19T15:40:10.036Z", "updated_at": "2020-10-19T15:40:10.036Z"}}, {"model": "quarry.dailyexplosive", "pk": 5, "fields": {"miner_data": 6, "date": "2020-10-03", "emulsion_explosive": "8521.00", "ng_explosive": "52.00", "other_explosive": "525.00", "detonator": 5, "electric_detonator": 6, "non_electric_detonator": 6, "safety_fuse": "696.00", "detonating_cord": "85.00", "anfo": "85.00", "bulk_emulsion": "5.00", "relay_tld": 5, "created_at": "2020-10-19T15:42:19.131Z", "updated_at": "2020-10-19T15:42:19.131Z"}}, {"model": "quarry.dailyexplosive", "pk": 6, "fields": {"miner_data": 7, "date": "2020-02-07", "emulsion_explosive": "7.00", "ng_explosive": "97.00", "other_explosive": "97.00", "detonator": 97, "electric_detonator": 9, "non_electric_detonator": 9, "safety_fuse": "97.00", "detonating_cord": "979.00", "anfo": "79.00", "bulk_emulsion": "79.00", "relay_tld": 7, "created_at": "2020-10-19T15:43:22.710Z", "updated_at": "2020-10-19T15:43:22.710Z"}}, {"model": "quarry.dailyexplosive", "pk": 7, "fields": {"miner_data": 8, "date": "2020-03-19", "emulsion_explosive": "7.00", "ng_explosive": "7.00", "other_explosive": "7.00", "detonator": 7, "electric_detonator": 7, "non_electric_detonator": 7, "safety_fuse": "7.00", "detonating_cord": "7.00", "anfo": "7.00", "bulk_emulsion": "7.00", "relay_tld": 7, "created_at": "2020-10-19T15:46:01.999Z", "updated_at": "2020-10-19T15:46:01.999Z"}}, {"model": "quarry.dailyexplosive", "pk": 8, "fields": {"miner_data": 9, "date": "2020-10-09", "emulsion_explosive": "9562.00", "ng_explosive": "52.00", "other_explosive": "56.00", "detonator": 256, "electric_detonator": 5, "non_electric_detonator": 6, "safety_fuse": "656.00", "detonating_cord": "56.00", "anfo": "596.00", "bulk_emulsion": "565.00", "relay_tld": 5, "created_at": "2020-10-19T15:47:11.294Z", "updated_at": "2020-10-19T15:47:11.294Z"}}, {"model": "quarry.dailyexplosive", "pk": 9, "fields": {"miner_data": 10, "date": "2020-05-12", "emulsion_explosive": "97.00", "ng_explosive": "97.00", "other_explosive": "97.00", "detonator": 97, "electric_detonator": 9, "non_electric_detonator": 79, "safety_fuse": "79.00", "detonating_cord": "79.00", "anfo": "79.00", "bulk_emulsion": "79.00", "relay_tld": 79, "created_at": "2020-10-19T15:49:05.437Z", "updated_at": "2020-10-19T15:49:05.437Z"}}, {"model": "quarry.dailyexplosive", "pk": 10, "fields": {"miner_data": 11, "date": "2020-10-09", "emulsion_explosive": "85.00", "ng_explosive": "42.00", "other_explosive": "5.00", "detonator": 6, "electric_detonator": 66, "non_electric_detonator": 6, "safety_fuse": "6.00", "detonating_cord": "6.00", "anfo": "4.00", "bulk_emulsion": "66.00", "relay_tld": 6, "created_at": "2020-10-19T15:49:54.433Z", "updated_at": "2020-10-19T15:49:54.433Z"}}, {"model": "quarry.dailyexplosive", "pk": 11, "fields": {"miner_data": 2, "date": "2020-10-19", "emulsion_explosive": "79.00", "ng_explosive": "79.00", "other_explosive": "79.00", "detonator": 79, "electric_detonator": 79, "non_electric_detonator": 79, "safety_fuse": "79.00", "detonating_cord": "7.00", "anfo": "97.00", "bulk_emulsion": "97.00", "relay_tld": 97, "created_at": "2020-10-19T15:50:26.222Z", "updated_at": "2020-10-19T15:50:26.222Z"}}, {"model": "quarry.energysupply", "pk": 1, "fields": {"total_diesel": "45.00", "total_electric": "54.00", "created_at": "2020-10-17T07:31:37.258Z", "updated_at": "2020-10-17T07:31:37.258Z"}}, {"model": "quarry.energysupply", "pk": 2, "fields": {"total_diesel": "9.00", "total_electric": "79.00", "created_at": "2020-10-19T15:50:30.196Z", "updated_at": "2020-10-19T15:50:30.196Z"}}, {"model": "quarry.energysupply", "pk": 3, "fields": {"total_diesel": "58.00", "total_electric": "85.00", "created_at": "2020-10-18T16:55:36.392Z", "updated_at": "2020-10-18T16:55:36.392Z"}}, {"model": "quarry.energysupply", "pk": 4, "fields": {"total_diesel": "67.00", "total_electric": "52.00", "created_at": "2020-10-19T15:38:52.987Z", "updated_at": "2020-10-19T15:38:52.987Z"}}, {"model": "quarry.energysupply", "pk": 5, "fields": {"total_diesel": "7.00", "total_electric": "97.00", "created_at": "2020-10-19T15:40:14.566Z", "updated_at": "2020-10-19T15:40:14.566Z"}}, {"model": "quarry.energysupply", "pk": 6, "fields": {"total_diesel": "965.00", "total_electric": "5.00", "created_at": "2020-10-19T15:42:23.083Z", "updated_at": "2020-10-19T15:42:23.083Z"}}, {"model": "quarry.energysupply", "pk": 7, "fields": {"total_diesel": "7.00", "total_electric": "97.00", "created_at": "2020-10-19T15:43:26.966Z", "updated_at": "2020-10-19T15:43:26.966Z"}}, {"model": "quarry.energysupply", "pk": 8, "fields": {"total_diesel": "79.00", "total_electric": "7.00", "created_at": "2020-10-19T15:46:06.693Z", "updated_at": "2020-10-19T15:46:06.693Z"}}, {"model": "quarry.energysupply", "pk": 9, "fields": {"total_diesel": "52.00", "total_electric": "652.00", "created_at": "2020-10-19T15:47:14.631Z", "updated_at": "2020-10-19T15:47:14.631Z"}}, {"model": "quarry.energysupply", "pk": 10, "fields": {"total_diesel": "97.00", "total_electric": "9.00", "created_at": "2020-10-19T15:49:09.777Z", "updated_at": "2020-10-19T15:49:09.777Z"}}, {"model": "quarry.energysupply", "pk": 11, "fields": {"total_diesel": "65.00", "total_electric": "5.00", "created_at": "2020-10-19T15:49:58.977Z", "updated_at": "2020-10-19T15:49:58.977Z"}}, {"model": "quarry.operatingrecord", "pk": 1, "fields": {"operating_hours": 45, "operating_days": 55, "created_at": "2020-10-17T07:31:41.848Z", "updated_at": "2020-10-17T07:31:41.848Z"}}, {"model": "quarry.operatingrecord", "pk": 2, "fields": {"operating_hours": 9, "operating_days": 79, "created_at": "2020-10-19T15:50:34.757Z", "updated_at": "2020-10-19T15:50:34.757Z"}}, {"model": "quarry.operatingrecord", "pk": 3, "fields": {"operating_hours": 74, "operating_days": 99, "created_at": "2020-10-18T16:55:40.586Z", "updated_at": "2020-10-18T16:55:40.586Z"}}, {"model": "quarry.operatingrecord", "pk": 4, "fields": {"operating_hours": 52, "operating_days": 52, "created_at": "2020-10-19T15:38:56.701Z", "updated_at": "2020-10-19T15:38:56.701Z"}}, {"model": "quarry.operatingrecord", "pk": 5, "fields": {"operating_hours": 7, "operating_days": 9, "created_at": "2020-10-19T15:40:19.227Z", "updated_at": "2020-10-19T15:40:19.227Z"}}, {"model": "quarry.operatingrecord", "pk": 6, "fields": {"operating_hours": 962, "operating_days": 5, "created_at": "2020-10-19T15:42:27.006Z", "updated_at": "2020-10-19T15:42:27.007Z"}}, {"model": "quarry.operatingrecord", "pk": 7, "fields": {"operating_hours": 79, "operating_days": 79, "created_at": "2020-10-19T15:43:31.459Z", "updated_at": "2020-10-19T15:43:31.459Z"}}, {"model": "quarry.operatingrecord", "pk": 8, "fields": {"operating_hours": 7, "operating_days": 97, "created_at": "2020-10-19T15:46:11.695Z", "updated_at": "2020-10-19T15:46:11.695Z"}}, {"model": "quarry.operatingrecord", "pk": 9, "fields": {"operating_hours": 95, "operating_days": 9652, "created_at": "2020-10-19T15:47:19.034Z", "updated_at": "2020-10-19T15:47:19.034Z"}}, {"model": "quarry.operatingrecord", "pk": 10, "fields": {"operating_hours": 9, "operating_days": 79, "created_at": "2020-10-19T15:49:13.724Z", "updated_at": "2020-10-19T15:49:13.724Z"}}, {"model": "quarry.operatingrecord", "pk": 11, "fields": {"operating_hours": 52, "operating_days": 52, "created_at": "2020-10-19T15:50:03.160Z", "updated_at": "2020-10-19T15:50:03.160Z"}}, {"model": "quarry.royalties", "pk": 1, "fields": {"royalties": "54.00", "created_at": "2020-10-17T07:31:45.795Z", "updated_at": "2020-10-17T07:31:45.795Z"}}, {"model": "quarry.royalties", "pk": 2, "fields": {"royalties": "9797979.00", "created_at": "2020-10-19T15:50:38.616Z", "updated_at": "2020-10-19T15:50:38.616Z"}}, {"model": "quarry.royalties", "pk": 3, "fields": {"royalties": "8.00", "created_at": "2020-10-18T16:55:43.444Z", "updated_at": "2020-10-18T16:55:43.445Z"}}, {"model": "quarry.royalties", "pk": 4, "fields": {"royalties": "74.00", "created_at": "2020-10-19T15:39:01.658Z", "updated_at": "2020-10-19T15:39:01.658Z"}}, {"model": "quarry.royalties", "pk": 5, "fields": {"royalties": "797979.00", "created_at": "2020-10-19T15:40:23.439Z", "updated_at": "2020-10-19T15:40:23.439Z"}}, {"model": "quarry.royalties", "pk": 6, "fields": {"royalties": "852.00", "created_at": "2020-10-19T15:42:30.636Z", "updated_at": "2020-10-19T15:42:30.636Z"}}, {"model": "quarry.royalties", "pk": 7, "fields": {"royalties": "79.00", "created_at": "2020-10-19T15:43:35.398Z", "updated_at": "2020-10-19T15:43:35.398Z"}}, {"model": "quarry.royalties", "pk": 8, "fields": {"royalties": "797979.00", "created_at": "2020-10-19T15:46:16.260Z", "updated_at": "2020-10-19T15:46:16.260Z"}}, {"model": "quarry.royalties", "pk": 9, "fields": {"royalties": "962.00", "created_at": "2020-10-19T15:47:21.935Z", "updated_at": "2020-10-19T15:47:21.936Z"}}, {"model": "quarry.royalties", "pk": 10, "fields": {"royalties": "97979.00", "created_at": "2020-10-19T15:49:17.168Z", "updated_at": "2020-10-19T15:49:17.168Z"}}, {"model": "quarry.royalties", "pk": 11, "fields": {"royalties": "652.00", "created_at": "2020-10-19T15:50:06.601Z", "updated_at": "2020-10-19T15:50:06.601Z"}}, {"model": "quarry.other", "pk": 1, "fields": {"miner_data": 1, "title": "", "comment": "", "created_at": "2020-10-17T07:31:53.005Z", "updated_at": "2020-10-17T07:31:53.005Z"}}, {"model": "quarry.other", "pk": 2, "fields": {"miner_data": 3, "title": "", "comment": "", "created_at": "2020-10-18T16:55:45.611Z", "updated_at": "2020-10-18T16:55:45.611Z"}}, {"model": "quarry.other", "pk": 3, "fields": {"miner_data": 4, "title": "", "comment": "", "created_at": "2020-10-19T15:39:03.551Z", "updated_at": "2020-10-19T15:39:03.551Z"}}, {"model": "quarry.other", "pk": 4, "fields": {"miner_data": 5, "title": "fatin gemok", "comment": "", "created_at": "2020-10-19T15:40:31.255Z", "updated_at": "2020-10-19T15:40:31.255Z"}}, {"model": "quarry.other", "pk": 5, "fields": {"miner_data": 6, "title": "", "comment": "", "created_at": "2020-10-19T15:42:32.547Z", "updated_at": "2020-10-19T15:42:32.547Z"}}, {"model": "quarry.other", "pk": 6, "fields": {"miner_data": 7, "title": "fatin gemok 2", "comment": "", "created_at": "2020-10-19T15:43:42.860Z", "updated_at": "2020-10-19T15:43:42.860Z"}}, {"model": "quarry.other", "pk": 7, "fields": {"miner_data": 8, "title": "fatin gemok 3", "comment": "asyik makan pastu merungut nk kurus", "created_at": "2020-10-19T15:46:41.248Z", "updated_at": "2020-10-19T15:46:41.248Z"}}, {"model": "quarry.other", "pk": 8, "fields": {"miner_data": 9, "title": "", "comment": "", "created_at": "2020-10-19T15:47:23.445Z", "updated_at": "2020-10-19T15:47:23.445Z"}}, {"model": "quarry.other", "pk": 9, "fields": {"miner_data": 10, "title": "fatin tua", "comment": "", "created_at": "2020-10-19T15:49:29.778Z", "updated_at": "2020-10-19T15:49:29.778Z"}}, {"model": "quarry.other", "pk": 10, "fields": {"miner_data": 11, "title": "", "comment": "", "created_at": "2020-10-19T15:50:08.208Z", "updated_at": "2020-10-19T15:50:08.208Z"}}, {"model": "quarry.other", "pk": 11, "fields": {"miner_data": 2, "title": "fatin tua", "comment": "", "created_at": "2020-10-19T15:50:46.447Z", "updated_at": "2020-10-19T15:50:46.447Z"}}, {"model": "quarry.quarrydataapproval", "pk": 1, "fields": {"miner_data": 1, "requestor": 7, "state_inspector": 3, "state_comment": "", "state_approved": true, "admin_inspector": 4, "admin_comment": "", "admin_approved": true, "hq_inspector": null, "hq_comment": "", "hq_approved": null, "created_at": "2020-10-17T07:31:53.213Z", "updated_at": "2020-10-19T15:53:41.631Z"}}, {"model": "quarry.quarrydataapproval", "pk": 2, "fields": {"miner_data": 3, "requestor": 7, "state_inspector": 3, "state_comment": "", "state_approved": true, "admin_inspector": 4, "admin_comment": "", "admin_approved": true, "hq_inspector": null, "hq_comment": "", "hq_approved": null, "created_at": "2020-10-18T16:55:45.742Z", "updated_at": "2020-10-18T16:57:16.166Z"}}, {"model": "quarry.quarrydataapproval", "pk": 3, "fields": {"miner_data": 4, "requestor": 7, "state_inspector": 3, "state_comment": "", "state_approved": true, "admin_inspector": 4, "admin_comment": "", "admin_approved": true, "hq_inspector": null, "hq_comment": "", "hq_approved": null, "created_at": "2020-10-19T15:39:03.698Z", "updated_at": "2020-10-19T15:53:28.826Z"}}, {"model": "quarry.quarrydataapproval", "pk": 4, "fields": {"miner_data": 5, "requestor": 7, "state_inspector": 3, "state_comment": "", "state_approved": true, "admin_inspector": 4, "admin_comment": "", "admin_approved": true, "hq_inspector": null, "hq_comment": "", "hq_approved": null, "created_at": "2020-10-19T15:40:31.334Z", "updated_at": "2020-10-19T15:53:17.742Z"}}, {"model": "quarry.quarrydataapproval", "pk": 5, "fields": {"miner_data": 6, "requestor": 7, "state_inspector": 3, "state_comment": "", "state_approved": true, "admin_inspector": 4, "admin_comment": "", "admin_approved": true, "hq_inspector": null, "hq_comment": "", "hq_approved": null, "created_at": "2020-10-19T15:42:32.641Z", "updated_at": "2020-10-19T15:52:56.663Z"}}, {"model": "quarry.quarrydataapproval", "pk": 6, "fields": {"miner_data": 7, "requestor": 7, "state_inspector": 3, "state_comment": "", "state_approved": true, "admin_inspector": 4, "admin_comment": "", "admin_approved": true, "hq_inspector": null, "hq_comment": "", "hq_approved": null, "created_at": "2020-10-19T15:43:42.999Z", "updated_at": "2020-10-19T15:52:45.310Z"}}, {"model": "quarry.quarrydataapproval", "pk": 7, "fields": {"miner_data": 8, "requestor": 7, "state_inspector": 3, "state_comment": "", "state_approved": true, "admin_inspector": 4, "admin_comment": "", "admin_approved": true, "hq_inspector": null, "hq_comment": "", "hq_approved": null, "created_at": "2020-10-19T15:46:41.418Z", "updated_at": "2020-10-19T15:52:25.547Z"}}, {"model": "quarry.quarrydataapproval", "pk": 8, "fields": {"miner_data": 9, "requestor": 7, "state_inspector": 3, "state_comment": "", "state_approved": true, "admin_inspector": 4, "admin_comment": "", "admin_approved": true, "hq_inspector": null, "hq_comment": "", "hq_approved": null, "created_at": "2020-10-19T15:47:23.582Z", "updated_at": "2020-10-19T15:52:07.808Z"}}, {"model": "quarry.quarrydataapproval", "pk": 9, "fields": {"miner_data": 10, "requestor": 7, "state_inspector": 3, "state_comment": "", "state_approved": true, "admin_inspector": 4, "admin_comment": "", "admin_approved": true, "hq_inspector": null, "hq_comment": "", "hq_approved": null, "created_at": "2020-10-19T15:49:29.896Z", "updated_at": "2020-10-19T15:51:55.359Z"}}, {"model": "quarry.quarrydataapproval", "pk": 10, "fields": {"miner_data": 11, "requestor": 7, "state_inspector": 3, "state_comment": "", "state_approved": true, "admin_inspector": 4, "admin_comment": "", "admin_approved": true, "hq_inspector": null, "hq_comment": "", "hq_approved": null, "created_at": "2020-10-19T15:50:08.310Z", "updated_at": "2020-10-19T15:51:04.815Z"}}, {"model": "quarry.quarrydataapproval", "pk": 11, "fields": {"miner_data": 2, "requestor": 7, "state_inspector": 3, "state_comment": "", "state_approved": true, "admin_inspector": 4, "admin_comment": "", "admin_approved": true, "hq_inspector": null, "hq_comment": "", "hq_approved": null, "created_at": "2020-10-19T15:50:46.624Z", "updated_at": "2020-10-19T15:51:23.997Z"}}, {"model": "mine.mine", "pk": 1, "fields": {"address1": "JALAN BESAR, SABAK BERNAM,", "address2": "", "address3": "", "phone_number": "0132424535", "fax_number": "0132424535", "email": "a@gmail.com", "location": "sabak bernam", "mukim": "bno", "district": "sabak bernam", "state": "KDH", "land_status": "aktif", "grid_reference": "452", "max_capacity": "5412", "company_category": "hai", "main_rock_type": "GRANITE", "side_rock_type": "LIMESTONE", "status": true, "created_at": "2020-10-19T05:21:21.697Z", "updated_at": "2020-10-19T05:21:21.697Z"}}, {"model": "mine.mine", "pk": 2, "fields": {"address1": "kuala lumpur", "address2": "", "address3": "", "phone_number": "0132424755", "fax_number": "0132424799", "email": "q@gmail.com", "location": "gombak", "mukim": "gombak 1", "district": "gombak", "state": "KDH", "land_status": "aktif", "grid_reference": "123", "max_capacity": "54", "company_category": "sdn bhd", "main_rock_type": "DOLOMITE", "side_rock_type": "SERPENTINITE", "status": true, "created_at": "2020-10-19T15:14:03.268Z", "updated_at": "2020-10-19T15:14:03.268Z"}}, {"model": "mine.mine", "pk": 3, "fields": {"address1": "kuala lumpur", "address2": "", "address3": "", "phone_number": "0132424555", "fax_number": "0132424999", "email": "w@gmail.com", "location": "wangsa", "mukim": "wangsa 1", "district": "wangsa", "state": "KDH", "land_status": "aktif", "grid_reference": "75", "max_capacity": "353", "company_category": "sdn bhd", "main_rock_type": "MICROTONALITE", "side_rock_type": "PERIDOTITE", "status": true, "created_at": "2020-10-19T15:16:04.519Z", "updated_at": "2020-10-19T15:16:04.519Z"}}, {"model": "mine.mine", "pk": 4, "fields": {"address1": "kuala lumpur", "address2": "", "address3": "", "phone_number": "0132424111", "fax_number": "0132424122", "email": "r@gmail.com", "location": "melawati", "mukim": "melawati 1", "district": "melawati", "state": "KDH", "land_status": "aktif", "grid_reference": "4", "max_capacity": "555", "company_category": "sdn bhd", "main_rock_type": "GRANODIORITE", "side_rock_type": "RHYOLITE", "status": true, "created_at": "2020-10-19T15:16:53.959Z", "updated_at": "2020-10-19T15:16:53.959Z"}}, {"model": "mine.mine", "pk": 5, "fields": {"address1": "kuala lumpur", "address2": "", "address3": "", "phone_number": "0132424333", "fax_number": "0132424388", "email": "y@gmail.com", "location": "keramat", "mukim": "keramat 1", "district": "keramat", "state": "KDH", "land_status": "aktif", "grid_reference": "123", "max_capacity": "765", "company_category": "sdn bhd", "main_rock_type": "DOLORITE", "side_rock_type": "TUFF", "status": true, "created_at": "2020-10-19T15:17:51.054Z", "updated_at": "2020-10-19T15:17:51.054Z"}}]
